"","baseMean","log2FoldChange","lfcSE","stat","pvalue","padj"
"ENSPFOG00000016580",152.580792240291,-2.26427829438743,0.668713972207537,-3.3860191180284,0.000709144430658351,0.0287799175738385
"ENSPFOG00000017405",5537.79830350457,-0.735544314624835,0.224116403795639,-3.2819744658028,0.00103082939236594,0.0357290503120496
"ENSPFOG00000018590",396.251477948257,-0.69540008544432,0.208922092584624,-3.32851388209531,0.000873106535935911,0.0323304339912619
"ENSPFOG00000019109",120293.905025423,0.596974128680673,0.104619114330582,5.70616691319254,1.15548692814531e-08,2.13155824962951e-05
"ENSPFOG00000020607",302.112366524755,-0.487305046535844,0.146611464784297,-3.32378540281823,0.000888045027736809,0.0325369733251323
"ENSPFOG00000017974",2230.81122551521,-0.640725658932441,0.126722321787794,-5.05613888613393,4.27829814184819e-07,0.000280049115788334
"ENSPFOG00000018748",55.4563366723317,-2.67089462768012,0.68025264902196,-3.92632741896739,8.6252727265056e-05,0.00794329228836841
"ENSPFOG00000018837",63429.5969181058,0.220505058032553,0.0680567709984292,3.24001645681431,0.00119522801170964,0.0386203293210382
"ENSPFOG00000019557",16676.5567409581,-0.682255540201185,0.207092639855333,-3.2944461023713,0.000986158546408518,0.0349234366906137
"ENSPFOG00000008011",7632.5985602851,0.193332805508274,0.0502442422137318,3.84785991369647,0.000119154150886552,0.0101166361079076
"ENSPFOG00000009924",783.986702842543,-0.405370133273999,0.119935431437824,-3.3799030729643,0.00072511396772649,0.0289645917974526
"ENSPFOG00000011374",2885.43104665015,0.283866031143427,0.0867840443441987,3.27094724944567,0.00107187902168237,0.0366171197104019
"ENSPFOG00000011883",1696.43828939582,-0.417930998921886,0.0984764255062096,-4.24397003418379,2.19599689469988e-05,0.00353563045756279
"ENSPFOG00000014796",1550.43712811089,0.479992297380459,0.113285429946005,4.23701704278507,2.26508949084941e-05,0.00353563045756279
"ENSPFOG00000014893",6644.95112702915,0.405388636668791,0.125217281929023,3.23748152350551,0.00120589748056691,0.0387798283291027
"ENSPFOG00000017471",374.817481603337,-0.976491286586892,0.309720677523499,-3.15281270335205,0.00161705523560966,0.0459380908953026
"ENSPFOG00000018133",357.260885372796,-0.907042799949828,0.218961610849279,-4.14247409137937,3.43579191944785e-05,0.00449800578254424
"ENSPFOG00000018344",3646.52427784653,0.425554310757017,0.117271824778533,3.62878561462373,0.00028475758935365,0.0172854734967245
"ENSPFOG00000018697",3399.75924804401,-0.787499682089269,0.245650226433317,-3.20577633297253,0.0013469864432611,0.0415353903559156
"ENSPFOG00000008174",274.881180695045,-3.20351208749255,0.853601564191296,-3.75293605574348,0.000174775448693024,0.0126404570419224
"ENSPFOG00000015729",5554.62918172442,0.237508487027278,0.0661974108572821,3.58788182122913,0.000333375323731967,0.0187857942024206
"ENSPFOG00000015658",6447.57211854378,0.299247003943673,0.091086154014167,3.28531824822826,0.00101867240114289,0.0355170109346933
"ENSPFOG00000015707",5630.98260901057,0.244609094656193,0.0732570473964858,3.33905205505085,0.000840648096993783,0.0317526988013561
"ENSPFOG00000017462",153.679987921469,-2.45680839552473,0.622780611835465,-3.94490186244559,7.98326668409384e-05,0.00762997688629161
"ENSPFOG00000018396",12492.3956006024,0.135798426164129,0.0420188789650862,3.23184315024123,0.00122994548073883,0.0392422227911201
"ENSPFOG00000018722",358.641248422651,0.765770617619817,0.239714672270791,3.19450874811189,0.00140069039975252,0.0422330008793137
"ENSPFOG00000018732",2220.59004866145,0.639259431248609,0.156586428499914,4.08247022026534,4.45595233661381e-05,0.00522660027829869
"ENSPFOG00000018916",106.418671072697,-4.24013869710492,1.31301594321094,-3.2293124230737,0.00124088253728144,0.0395290242488462
"ENSPFOG00000019156",236.307342929754,-1.76371915923566,0.479528005088437,-3.67803160716418,0.000235040839228332,0.0149045272175666
"ENSPFOG00000019375",124.507423195307,-2.97368439560596,0.740780954679809,-4.01425600485543,5.96335952127497e-05,0.00633552311024669
"ENSPFOG00000013899",53.9807971119298,-1.71206201998407,0.499042196059445,-3.43069590808737,0.000602035076110014,0.0262338733835965
"ENSPFOG00000017631",332.400172377602,-1.03366290838239,0.324335678502337,-3.18701572751869,0.0014374895802047,0.042785700699398
"ENSPFOG00000017883",1079.87086691574,0.484203059910545,0.149593658218895,3.23678868259261,0.00120882890192099,0.0388125887306656
"ENSPFOG00000018477",887.487678160495,0.291931846171477,0.0812479310981349,3.59309883003505,0.000326768577821366,0.0187310394947773
"ENSPFOG00000018740",830.779713450421,-0.390833144155464,0.10417598262833,-3.75166266057547,0.000175665724710335,0.0126404570419224
"ENSPFOG00000002316",4852.41614292588,0.291423301720444,0.0930965455992903,3.13033421212855,0.0017460752649767,0.0482716066442877
"ENSPFOG00000003230",901.553951192942,-0.465390377736559,0.133561108079751,-3.48447526699665,0.00049310303339738,0.0231038661170856
"ENSPFOG00000006814",6454.71946918413,0.337083216861082,0.0970071152321357,3.47482982103374,0.000511177530678107,0.0236282789351256
"ENSPFOG00000006918",1501.3913973222,-0.86570220517944,0.214758363766788,-4.03105234178227,5.5527674943228e-05,0.00612373684754339
"ENSPFOG00000013830",6741.43144115795,-0.629354154109304,0.188300137524142,-3.34229258875934,0.000830894261108893,0.0315149651334984
"ENSPFOG00000015292",55.137093710777,-1.81050716874835,0.53013333591608,-3.41519207732855,0.000637370487029212,0.0269849660668872
"ENSPFOG00000017457",410.506641215172,-0.572336486508845,0.181087114949931,-3.16055886509148,0.00157466783214255,0.0451315814263229
"ENSPFOG00000019652",1111.23108632408,0.383299887050933,0.0883254396562237,4.33963180418683,1.4272164420537e-05,0.00278471885020709
"ENSPFOG00000019679",52.5678972336299,1.22045529017023,0.315387114348721,3.86970562412003,0.000108966844613109,0.00940917111016686
"ENSPFOG00000019728",97923.7766092709,0.630932075955136,0.161528887699983,3.90600148951067,9.3835933276798e-05,0.00842530423917162
"ENSPFOG00000019797",2279.0554524948,-0.634815338526098,0.180141994190121,-3.5239719721106,0.000425129215989395,0.0212324298053892
"ENSPFOG00000019815",8108.86524465024,-0.242175988612814,0.0693854334415556,-3.49030014803903,0.000482478330284907,0.0228215624199098
"ENSPFOG00000019850",6707.89412253696,-0.473000294429697,0.104352476563323,-4.53271747836931,5.82296741606032e-06,0.00156570666443207
"ENSPFOG00000019851",6513.74000986591,-0.472117954020989,0.104239598147332,-4.5291613015785,5.92182790471792e-06,0.00156570666443207
"ENSPFOG00000019854",392.236520734465,-1.21856833942078,0.369586831075928,-3.29710973703617,0.000976853262516309,0.0347150725095989
"ENSPFOG00000014078",14839.329174021,0.328449466933327,0.103461020005821,3.17462042143841,0.00150032622015145,0.0436169336093313
"ENSPFOG00000017586",55.8367794926055,-1.029537315174,0.308705566523689,-3.33501376981163,0.000852951755286055,0.0319900618650548
"ENSPFOG00000017787",344.229715532092,0.383673355449539,0.119351729496046,3.21464428768291,0.00130606257440195,0.0408848905749325
"ENSPFOG00000004238",54382.6414618517,0.309369608001308,0.0840528088917291,3.68065757802117,0.000232633240455267,0.0148446343249002
"ENSPFOG00000004711",851.010317402073,-1.03964791111648,0.263070374474855,-3.95197639867978,7.75083865016061e-05,0.00748952466138377
"ENSPFOG00000015358",10006.5075783021,0.43231203948818,0.116332424735095,3.71617836104261,0.00020225882856445,0.0135921348160531
"ENSPFOG00000016740",876.543191909581,0.374004398877353,0.116642050877808,3.20642852267021,0.00134393688151669,0.0415353903559156
"ENSPFOG00000016265",15.9497994976049,-3.81805269873547,1.17281330806044,-3.25546501944937,0.00113206841006274,0.0376327625840842
"ENSPFOG00000014507",1817.00271601075,-0.340869803910065,0.0647845254515015,-5.26159297354496,1.42812641744464e-07,0.00012564296126954
"ENSPFOG00000016094",62.0443855079138,-1.08894745508346,0.32290632726917,-3.3723323549982,0.000745344465484778,0.0294474673614094
"ENSPFOG00000016301",614.437566272358,-0.355414841058043,0.0994230125992176,-3.57477440852401,0.000350530002869112,0.0193286815712501
"ENSPFOG00000024743",262.698771143887,0.657644179056929,0.193588968530871,3.39711598262922,0.000681000965356886,0.0282594511022943
"ENSPFOG00000022504",224.195285135299,0.803125950345129,0.183908007876814,4.3669982597119,1.25965730752928e-05,0.00258191576609941
"ENSPFOG00000024734",1359.06575301824,-0.786866363605884,0.174796135797723,-4.50162333403331,6.74364145215401e-06,0.00171052465433887
"ENSPFOG00000022971",6981.19499359707,0.142623380305204,0.0426079027389944,3.34734570670799,0.000815893924100125,0.0311791327831257
"ENSPFOG00000023602",132.041450142346,-0.760361480369506,0.205924982196732,-3.69241979413207,0.000222130406391846,0.0145402264725914
"ENSPFOG00000023432",36.1330467959435,-1.24739953613071,0.391569058176809,-3.18564378385449,0.0014443231312383,0.042785700699398
"ENSPFOG00000013921",2066.98165172836,0.208527835754822,0.0627275673209929,3.32434118938062,0.000886276946841531,0.0325369733251323
"ENSPFOG00000017835",3099.83607431703,0.284449719035474,0.0625893677082293,4.54469711791119,5.50143031497119e-06,0.00152924690344377
"ENSPFOG00000018327",7031.51167281596,0.187990948292875,0.0602948643353254,3.11786004272897,0.00182169288675462,0.0495520000777812
"ENSPFOG00000016046",5591.5110331046,-0.698251485994359,0.223814181652911,-3.11978213729638,0.0018098484499909,0.0493838248847025
"ENSPFOG00000017409",6067.5254746671,-0.22956905257084,0.065567882367105,-3.50124244192478,0.000463094351610169,0.0221664645125133
"ENSPFOG00000018321",1666.60562939159,-0.372569201112801,0.109864819284813,-3.39116018701997,0.00069597410046974,0.0284159083435251
"ENSPFOG00000022566",256.319566692981,-4.15943102898037,0.887568377931544,-4.68632178928437,2.78158804871974e-06,0.00100792829793966
"ENSPFOG00000023352",94.4522665142486,-1.13055638685301,0.355703343531684,-3.17836873735291,0.00148106262619687,0.0433050760962347
"ENSPFOG00000020543",59.9317206529624,2.25298842790185,0.580702365527552,3.87976450871708,0.000104557644155452,0.00910593869185593
"ENSPFOG00000020546",468.425199581292,-0.638193360210071,0.188052031734014,-3.39370627546715,0.000689536065338276,0.0283240199146646
"ENSPFOG00000019398",1221.91459354824,0.522204196066072,0.147902521043173,3.53073221729358,0.000414411066981331,0.0211287170130281
"ENSPFOG00000019451",888.66750836122,-0.596588477016801,0.176730567900801,-3.37569490158412,0.000736295201418256,0.0292958867199593
"ENSPFOG00000008946",2210.17960109118,0.300213943838757,0.0939337423105078,3.19601813421176,0.00139338354011614,0.0421846926600853
"ENSPFOG00000019997",250.375756553418,-0.933612963192871,0.211165148944158,-4.4212454936859,9.81336032454758e-06,0.00221214772540657
"ENSPFOG00000024453",1138.55873993803,-0.875075469371104,0.131569089952328,-6.65107184132821,2.90966204307636e-11,1.18085724356211e-07
"ENSPFOG00000013361",283.757037578656,-1.3398652248508,0.420530206338199,-3.18613313540014,0.00144188227904344,0.042785700699398
"ENSPFOG00000015761",2082.58772498198,-0.478658522237031,0.118231760663922,-4.04847664916059,5.15520763280278e-05,0.00577952891076431
"ENSPFOG00000012244",264.852187217021,0.575053086779526,0.172474013325546,3.33414336276915,0.000855625454071269,0.0319900618650548
"ENSPFOG00000014064",1686.81742595022,-1.4654948795421,0.293215493645588,-4.99801310401917,5.79240497346788e-07,0.000335827090633172
"ENSPFOG00000014413",4591.98549841871,0.443481556989246,0.0859148660268222,5.16187218229256,2.4449221355034e-07,0.000183749481383833
"ENSPFOG00000014167",324.338864054112,0.755941690849315,0.236917050973326,3.19074413489312,0.00141906892142865,0.0426106167444819
"ENSPFOG00000014277",1172.14465967416,0.785507634467024,0.216402942718112,3.62983804471749,0.000283599103128332,0.017281660662703
"ENSPFOG00000017251",466.493265666089,0.508595916209862,0.0972509326570392,5.22972790403413,1.6975970861066e-07,0.0001377905602851
"ENSPFOG00000017878",6446.90438525074,-0.535576240633491,0.123159522393211,-4.34863849929165,1.36985297659061e-05,0.00272520162754673
"ENSPFOG00000009394",17497.6502937635,-0.556334422322306,0.16032600312959,-3.47001990608239,0.000520419793699741,0.0238382809339845
"ENSPFOG00000013434",1667.65596789161,0.438873618394203,0.0809857906145331,5.41914347027991,5.98852466763776e-08,7.59494640973159e-05
"ENSPFOG00000014944",10113.5044530672,0.377614641791983,0.11648956953532,3.2416176254947,0.00118853374675978,0.0385883628627991
"ENSPFOG00000015451",268.318943928622,-1.60049414380639,0.511518028036976,-3.12891052921149,0.00175455724312799,0.0483742874695015
"ENSPFOG00000019968",269.249559293903,0.564805741935169,0.176170776355388,3.20601267485926,0.0013458805998485,0.0415353903559156
"ENSPFOG00000015805",431.68941177119,0.576931333805317,0.13869416052026,4.15973773979503,3.18613227974057e-05,0.00435806615137722
"ENSPFOG00000015936",688.625924793187,-0.317910941086668,0.0878792023746466,-3.61759019763686,0.000297358718881406,0.0175918458412288
"ENSPFOG00000017363",4743.0532392804,0.329243750242644,0.098036367480237,3.35838381923949,0.000783996702155303,0.0304767453642441
"ENSPFOG00000002994",346.597554781675,-0.576754709988221,0.166355710694786,-3.46699676001143,0.000526308233854352,0.0239996554637584
"ENSPFOG00000003671",14376.8797472186,0.165443058357671,0.0413052958748425,4.00537158380303,6.19200659912706e-05,0.00644349732869161
"ENSPFOG00000014378",1057.60925035844,-0.524308930162406,0.148486559896566,-3.53101944396607,0.000413961316202847,0.0211287170130281
"ENSPFOG00000014422",438.051887924306,-2.08109311176586,0.66341414863539,-3.13694411861213,0.00170718662102441,0.0475202070148523
"ENSPFOG00000009050",2238.02613961436,0.36380838295926,0.10750949780103,3.38396504867475,0.000714470976342551,0.0288805678325559
"ENSPFOG00000010459",8882.41555792172,0.248860496982843,0.0580489598518183,4.28707934850356,1.81037639668178e-05,0.0032800140929881
"ENSPFOG00000018366",1263.66428464889,-0.950655895765664,0.265238585305886,-3.58415384650511,0.00033817272303029,0.018905194310794
"ENSPFOG00000022370",865.608877126956,-0.914624707767873,0.272260866560794,-3.35936897329915,0.000781206869050061,0.0304265830839997
"ENSPFOG00000018778",3905.85778817131,-1.02203824713495,0.271866379343373,-3.75934034066088,0.000170361955289746,0.0125819554652564
"ENSPFOG00000018960",772.882827099946,-0.397085723229085,0.117436423771398,-3.38128248866003,0.000721483284021917,0.0289334758880884
"ENSPFOG00000019188",4893.09576482425,-0.337317133025975,0.0997954866349237,-3.38008405390079,0.000724636652369293,0.0289645917974526
"ENSPFOG00000003200",1621.92570588042,0.327274684324594,0.103392747826459,3.16535435225993,0.00154894187204913,0.044646489300598
"ENSPFOG00000003976",133.656942996524,-2.00143959843213,0.583423772654072,-3.43050744971758,0.000602453429763255,0.0262338733835965
"ENSPFOG00000012723",364.780953967784,-1.64807279477542,0.393794134755843,-4.18511259899095,2.85024780276074e-05,0.00402410031569519
"ENSPFOG00000009066",5155.14218573004,-0.697340954419804,0.210390066092358,-3.31451464116981,0.000918023720912604,0.0332059489211383
"ENSPFOG00000012917",1382.96447472181,-0.496458119647175,0.11283510287909,-4.3998552487621,1.08323110225794e-05,0.00233544356545412
"ENSPFOG00000016253",291.401991397038,-1.66564956340168,0.447906128603628,-3.71874698074446,0.000200213472744547,0.0135424392964411
"ENSPFOG00000016694",3740.92816819735,0.386391638861802,0.099012249071476,3.90246300316711,9.52187958642374e-05,0.00851180531135289
"ENSPFOG00000016953",3318.18578640651,-0.22479777937851,0.0635171710109534,-3.5391654854991,0.000401394138705427,0.0207254194977367
"ENSPFOG00000017647",957.678978884176,-1.38241775157339,0.375447693062167,-3.68205152706715,0.000231364632715633,0.0148446343249002
"ENSPFOG00000007661",1318.39826498341,0.633645169243835,0.186075636598638,3.40530969463024,0.00066089058467651,0.0277082474054871
"ENSPFOG00000011024",22.2113604770181,-3.85549888511025,1.16989945805902,-3.29558139253001,0.000982182472320385,0.034843438336233
"ENSPFOG00000011238",7016.92306015417,-0.94622279590751,0.260854430795327,-3.62739782882945,0.000286292005050499,0.0172899921621569
"ENSPFOG00000014806",1728.67474144331,-0.578519575845502,0.140190565904658,-4.12666552925498,3.68061103624375e-05,0.00463894156195392
"ENSPFOG00000015826",755.018791567278,0.303111190503061,0.0878499981269915,3.45032665868585,0.00055990860852174,0.0253043774702074
"ENSPFOG00000010300",486.066805780884,-1.18464862911383,0.231757137861935,-5.11159500864895,3.194500942401e-07,0.000216076043744004
"ENSPFOG00000002675",237.080399629882,-1.04727349854915,0.218194431892401,-4.799726049222,1.58882813348536e-06,0.000708464377290778
"ENSPFOG00000008695",394.509096267957,-0.797630715888652,0.19489026512565,-4.0927170752957,4.2634780148146e-05,0.00508908799274223
"ENSPFOG00000009507",1816.76540352069,0.43218627687701,0.10439004911868,4.1401099101473,3.47139456383657e-05,0.00451548323649819
"ENSPFOG00000009953",388.874313785516,-0.891833635897965,0.250362221243543,-3.56217336412917,0.000367797368116303,0.0197966689491141
"ENSPFOG00000016315",1415.49886693574,0.250794672408485,0.0777631083341437,3.22511120994334,0.00125923742904523,0.0400251212000937
"ENSPFOG00000016565",211.875413954279,-0.733761444550844,0.224859277558548,-3.26320289079373,0.00110160623816515,0.0371325478153609
"ENSPFOG00000017594",1464.46049441854,-0.551349139075557,0.141093128364331,-3.90769660767505,9.31802101607251e-05,0.00840361255369526
"ENSPFOG00000018279",4322.43565819626,0.270174371409325,0.0661690525126458,4.0830926414987,4.44402963754836e-05,0.00522660027829869
"ENSPFOG00000018380",3953.79073895099,0.228194973426329,0.0547490240147877,4.16801902011429,3.0725830142647e-05,0.00424141867520131
"ENSPFOG00000018317",3555.54780323614,0.239207724761898,0.0576155684809982,4.15178971705866,3.29885308817113e-05,0.00438496361016156
"ENSPFOG00000018424",4420.06460222461,0.264167030752755,0.0651508169920654,4.05470020099559,5.01986421477597e-05,0.00569067511990134
"ENSPFOG00000011253",490.009681183213,-1.07075942788817,0.266953982920802,-4.01102623071122,6.04553923798988e-05,0.0063744696916056
"ENSPFOG00000024582",3365.95966020243,-0.717303405929559,0.189403931310591,-3.78716218278121,0.000152377646066231,0.0117568334371709
"ENSPFOG00000016334",1014.71868388206,-2.54950571230368,0.715166152946908,-3.56491383407647,0.000363975743917709,0.0196538654408813
"ENSPFOG00000016548",110.103253625164,-3.01352573313162,0.784673298329764,-3.84048461894413,0.000122791666096087,0.0102626025306727
"ENSPFOG00000018227",948.954276719987,0.485660559875336,0.131922387356909,3.68141124191004,0.000231946536306255,0.0148446343249002
"ENSPFOG00000010220",1265.78434619539,-0.70681389779208,0.147580455921665,-4.78934621375103,1.67325575174111e-06,0.000708464377290778
"ENSPFOG00000013702",17081.2709821278,0.469539682878531,0.132544530792813,3.54250514955228,0.0003963456843197,0.0205953208637098
"ENSPFOG00000013858",164.131938380134,-1.10524387012223,0.328864031907915,-3.36079279850134,0.000777191055037005,0.0303868225217936
"ENSPFOG00000015468",1171.92760419574,-0.695013569709783,0.183622595040671,-3.78501115048418,0.00015370168682089,0.0118140705642784
"ENSPFOG00000016064",2996.5236844868,-1.88501549918901,0.580011373289108,-3.2499629938281,0.00115420026841503,0.0378981097842684
"ENSPFOG00000016074",265.711598690366,-1.72035982986048,0.477692230464437,-3.60139797163513,0.000316510635651877,0.018246118802977
"ENSPFOG00000016273",334.662194242303,-1.38625265709149,0.367703075061533,-3.77003280937891,0.000163226087925541,0.0123129508408368
"ENSPFOG00000024296",292.269794382006,-1.15188034514503,0.291039113122987,-3.95781973352245,7.56370047397872e-05,0.00738125365203565
"ENSPFOG00000011299",168.133292558074,-1.22484621457757,0.315955019104427,-3.87664743560457,0.000105905645871843,0.00918392036765575
"ENSPFOG00000015150",182.713639153848,-0.913689987108714,0.281056767244719,-3.25090904611863,0.00115036653278935,0.0378948663690933
"ENSPFOG00000004725",22901.5962430898,0.18178612905046,0.0581606665639055,3.12558537909323,0.00177451549946351,0.0486610515188248
"ENSPFOG00000009227",29.214551223877,-3.878748294212,1.1485320442318,-3.37713546060119,0.000732449691038865,0.0292001358164257
"ENSPFOG00000018981",1004.58211817512,-0.55268632708742,0.130268823570953,-4.2426600005825,2.20885953420161e-05,0.00353563045756279
"ENSPFOG00000019006",2479.01890764582,0.276022685727425,0.0566959232307913,4.86847501545787,1.12462737928337e-06,0.00055660826293703
"ENSPFOG00000019014",1642.96953782735,1.04696059550051,0.299023858356529,3.50126107413212,0.000463061973789195,0.0221664645125133
"ENSPFOG00000019361",874.095266340798,-0.53005962717078,0.0934880448879025,-5.66981187601422,1.42954400797635e-08,2.41735891748801e-05
"ENSPFOG00000010547",411.763905110096,-1.15812321864301,0.345653087603134,-3.35053630411289,0.000806552361838089,0.0309136690805119
"ENSPFOG00000021818",85689.6493737851,0.385017921978299,0.120372007185088,3.19856693414011,0.00138112467595544,0.042074109839931
"ENSPFOG00000015446",11985.3562079392,0.338300079942869,0.0989835869107299,3.4177391474808,0.000631435932840899,0.0269182730025368
"ENSPFOG00000015586",818.512971786467,-0.408405965191827,0.106908648683905,-3.82013962592825,0.000133376149027069,0.0107827442870808
"ENSPFOG00000015917",100.443787837175,-1.57235617879287,0.472624835777817,-3.32685897939574,0.000878308097079563,0.0324394569445726
"ENSPFOG00000016017",4554.22139644032,-0.829801686094349,0.225558966420751,-3.67886809937967,0.000234271382402829,0.0149023037357937
"ENSPFOG00000016259",728.152652839376,-0.406054770907983,0.115299136339635,-3.52175032527454,0.000428707701522288,0.0212697718320055
"ENSPFOG00000016901",650.645710080202,-0.521354945808743,0.15597666715161,-3.3425188223953,0.000830217245552949,0.0315149651334984
"ENSPFOG00000003854",1723.86058825813,0.394859969862791,0.115379194927919,3.42228050827943,0.000620982125935399,0.0266405270602138
"ENSPFOG00000020385",51.1216521341272,-1.57769926366629,0.383691456917338,-4.11189573086113,3.9242353262104e-05,0.00478072892092994
"ENSPFOG00000006837",4093.27549814665,0.569804700675226,0.118841214463313,4.79467248166778,1.62940818782751e-06,0.000708464377290778
"ENSPFOG00000007312",2944.91979022682,0.467370788777703,0.139754685500384,3.34422267922042,0.000825134784665785,0.0314139494379702
"ENSPFOG00000011590",136.335437091586,-2.03509435260733,0.53173234657194,-3.82729086490131,0.00012956138260946,0.0105162383036446
"ENSPFOG00000012371",5430.08312381646,0.658914534144857,0.171715849265962,3.83723772127928,0.00012442601155709,0.010305520924557
"ENSPFOG00000012609",844.848181262505,0.356736038924295,0.101248419282037,3.5233739099726,0.000426089782530147,0.0212324298053892
"ENSPFOG00000013657",708.540289131286,-2.20807964519316,0.123883256406712,-17.8238747449774,4.61278883627862e-71,9.36027110657657e-67
"ENSPFOG00000014307",331.135855349221,-0.631654101065303,0.194583551411408,-3.24618446155193,0.00116963027024141,0.0381577772407375
"ENSPFOG00000016179",425.796964642129,-0.461127289657144,0.144203769900771,-3.19774781182527,0.0013850534877328,0.042074109839931
"ENSPFOG00000012810",5401.47415041504,0.348926550079173,0.0761057834679243,4.5847573493049,4.54513963346463e-06,0.00139742384003431
"ENSPFOG00000016465",156.090228056714,-1.28759023786168,0.285073454554667,-4.51669637172325,6.28118680908537e-06,0.00163407490679436
"ENSPFOG00000016476",112.713249517798,0.574241873630821,0.176839507521597,3.24724877194475,0.00116526488233459,0.0380765780874934
"ENSPFOG00000023603",427.836975261488,-0.776423129281932,0.202668336056642,-3.83100362093532,0.000127621627104898,0.0104003938040666
"ENSPFOG00000014929",84.030476830505,-1.93398561909428,0.541631488978516,-3.57066688043131,0.000356073509160116,0.0195330133004293
"ENSPFOG00000007169",1193.1684406493,0.473271829574867,0.124721530785284,3.79462813353082,0.000147864905136091,0.0115402871346983
"ENSPFOG00000008233",1038.26766239492,-1.256956467254,0.347404360546393,-3.61813670178773,0.000296731661527903,0.0175918458412288
"ENSPFOG00000022207",1111.07234962184,0.261984143395985,0.0787984448129377,3.32473748711562,0.000885018229030983,0.0325369733251323
"ENSPFOG00000009107",1109.29792918287,0.243558706340872,0.0718539467381255,3.38963574580713,0.000699855491810435,0.0284598549896139
"ENSPFOG00000006092",337.257374616614,-0.436118529119571,0.123908278104409,-3.51968840009287,0.000432054063002319,0.0212814607532337
"ENSPFOG00000023637",28.7853696715632,-1.21245802277405,0.378310066053984,-3.20493196340443,0.00135094409791565,0.0415353903559156
"ENSPFOG00000011513",317.651379717303,-1.93419420277986,0.534871615547844,-3.61618404595793,0.00029897784304473,0.0176362162530921
"ENSPFOG00000012783",79.1254598010386,-3.64811346624734,0.826341315866585,-4.41477800540755,1.01113698330434e-05,0.00221214772540657
"ENSPFOG00000013946",315.681040728663,-1.27885964792602,0.384110330290734,-3.32940706634485,0.000870311030435434,0.0322858344233927
"ENSPFOG00000002190",12319.9540459991,0.300664843671275,0.0709556010080428,4.23736589359866,2.26157418155942e-05,0.00353563045756279
"ENSPFOG00000022672",2831.05718481044,0.313157822723363,0.0984077517692116,3.18224750686093,0.00146136875008222,0.0431018817974832
"ENSPFOG00000013180",192.317504263188,-0.663740866455274,0.203017184130819,-3.26938268450998,0.00107782421619573,0.0367583344454516
"ENSPFOG00000000369",4181.43769795695,0.451145433371925,0.106002773336734,4.2559776425735,2.08137506400188e-05,0.00351680365195888
"ENSPFOG00000020506",179.502921084226,-0.928534686815605,0.293883570658404,-3.15953247993876,0.00158022485808882,0.0452269715378537
"ENSPFOG00000008004",2198.51257621754,-0.481448802578746,0.143481095369417,-3.35548597074181,0.000792256748011571,0.0306218551060015
"ENSPFOG00000010437",374.724693749791,0.529522419206968,0.157882223366112,3.3539077922602,0.000796789098739268,0.0306829396608959
"ENSPFOG00000001084",2273.6466786004,0.314652285490142,0.0921440520626797,3.4147867219482,0.000638319717726485,0.0269849660668872
"ENSPFOG00000024284",3639.22621356553,-0.710121969482556,0.223302411416031,-3.18009091339161,0.00147228854075691,0.043235425570245
"ENSPFOG00000007775",887.036861493541,-0.713041594723835,0.211852689382892,-3.36574247322922,0.000763379414965982,0.0299622728984327
"ENSPFOG00000010089",446.551693682028,-3.70864342002064,0.812953683376669,-4.56193691701659,5.06838765866233e-06,0.00146925317670823
"ENSPFOG00000011473",175.681047389192,0.868252890879964,0.248561494051651,3.49311100736923,0.000477427998514831,0.0226698397454552
"ENSPFOG00000012806",3373.06474886882,0.224283948754757,0.0591389941507392,3.79248839070682,0.000149145225054587,0.0115956126697612
"ENSPFOG00000021656",53.03374396259,0.873128794353165,0.250335565179945,3.48783359538045,0.000486951040030989,0.0229795593123461
"ENSPFOG00000016121",709.681578530916,-0.407907812719014,0.103869957096226,-3.92710100323933,8.59758825783941e-05,0.00794329228836841
"ENSPFOG00000009222",149.093781210433,-1.55873540957011,0.367599953525961,-4.24030360890682,2.23217660142185e-05,0.00353563045756279
"ENSPFOG00000004471",114.449566067324,-1.76944280345115,0.514532938804842,-3.43893008591678,0.000584018039495083,0.0259078741922885
"ENSPFOG00000004291",1174.23097746949,0.217176618798692,0.0682367483851335,3.18269296146601,0.0014591225371154,0.0430982744150594
"ENSPFOG00000001321",849.066643128784,0.496774828665882,0.142527212168083,3.48547355349962,0.000491266782196784,0.0230758924637434
"ENSPFOG00000003050",1017.84717575238,-0.67683438786833,0.178227282579038,-3.79759135680125,0.000146108934360247,0.0114472683244716
"ENSPFOG00000003334",1003.78746780576,-1.11859470350785,0.337294349733251,-3.31637545779374,0.000911932229991414,0.0330445157339032
"ENSPFOG00000007655",30.7136733695164,-2.30806228518354,0.716193664962024,-3.22267900164395,0.00126997786870565,0.0402047667603356
"ENSPFOG00000009480",71.7461865853085,-1.11628824337331,0.269141982200133,-4.14758126639358,3.36006218434239e-05,0.00442742739251141
"ENSPFOG00000006186",3260.70823611111,0.248038520651022,0.0647263935460378,3.83210784754445,0.000127050017975971,0.0103955603418081
"ENSPFOG00000006292",1400.3585337847,0.334105551995643,0.0840877507805858,3.97329633500889,7.0884770253256e-05,0.00708568353684272
"ENSPFOG00000011176",440.963641609618,-0.634727982685406,0.141979199486584,-4.47057023127801,7.8011320648432e-06,0.0018623596689388
"ENSPFOG00000013536",988.651938328685,0.481589998819768,0.132976324335702,3.62162212879325,0.000292761538333288,0.01745396962465
"ENSPFOG00000006325",27455.0801075471,-0.777497678561246,0.236134252295126,-3.29260863684236,0.000992625410047897,0.0350301822968555
"ENSPFOG00000020074",140.015106887987,0.723728643145285,0.20849462075648,3.47121014690634,0.000518118351644593,0.0237865556370409
"ENSPFOG00000010141",4950.57077759096,0.209309120366033,0.0638094594426247,3.28022086684869,0.00103725849166778,0.0357290503120496
"ENSPFOG00000013469",41.9690979052334,1.2281440278923,0.340384033788892,3.6081129135863,0.00030843226059572,0.0180681767235237
"ENSPFOG00000013981",13690.1419528604,0.252888665971257,0.0714507403294614,3.53934283682968,0.000401124539450203,0.0207254194977367
"ENSPFOG00000015236",798.167414105257,0.46679120474118,0.112284610173345,4.15721445726664,3.22151548741664e-05,0.00435806615137722
"ENSPFOG00000015347",1021.16979311789,0.378071584354359,0.106277423272087,3.55740262338161,0.000374539871655272,0.0198674565791218
"ENSPFOG00000012785",670.860279782417,0.410388991228541,0.113109812363611,3.6282350987311,0.000285365347003878,0.0172854734967245
"ENSPFOG00000013665",2414.885136565,0.41363569438646,0.106065612049175,3.89980962156412,9.62683555577747e-05,0.00853046930558237
"ENSPFOG00000020847",365.163439971444,-5.01262899827864,1.08800875736727,-4.60715868722237,4.08208476967327e-06,0.00128945931615809
"ENSPFOG00000016134",1265.95024848903,0.282327897696393,0.0886086088751769,3.18623552813145,0.00144137203233076,0.042785700699398
"ENSPFOG00000017112",3899.61928724352,-0.391366138216179,0.105315169993451,-3.71614211172538,0.000202287833355412,0.0135921348160531
"ENSPFOG00000017846",8177.30455799759,0.371166714077731,0.108245142061312,3.4289456968655,0.000605930748955958,0.0262946680662368
"ENSPFOG00000017930",92.6293837097766,-0.828246964804266,0.223369168098085,-3.70797353930499,0.00020892448101107,0.0138716662970006
"ENSPFOG00000010948",1487.11002795997,-1.12576709385615,0.345091506457119,-3.26222776507552,0.00110540289074463,0.0371460908010552
"ENSPFOG00000015775",529.766137106968,0.342200423062282,0.107718073871252,3.17681528051912,0.00148901843251423,0.0434125891272683
"ENSPFOG00000009941",6187.25594908952,0.266100275897753,0.0513891982250949,5.17813636111194,2.24113401189065e-07,0.000174911889881866
"ENSPFOG00000018063",4042.14230645455,0.461716258954664,0.13912397489225,3.3187397018541,0.000904246768364787,0.0328834685011797
"ENSPFOG00000018445",12388.3998242031,0.348422509945834,0.0718437891302733,4.84972346480842,1.23633715092064e-06,0.000596509165686134
"ENSPFOG00000020703",2290.31489648064,0.606636949281836,0.105280061188809,5.76212572857358,8.30610844850687e-09,1.87275058485668e-05
"ENSPFOG00000020709",437.193879515035,-0.810447528990569,0.259400782563253,-3.12430641489274,0.00178224753089264,0.0487403866534682
"ENSPFOG00000003268",12999.2543783052,-0.739300178375688,0.218083364418278,-3.38998887121775,0.000698954610514337,0.0284598549896139
"ENSPFOG00000020407",294.878573754225,-3.57212899310743,0.909153148126625,-3.929072896539,8.52739887526044e-05,0.00793752192554059
"ENSPFOG00000005898",5716.51897349912,0.298568956510478,0.0945456845423174,3.15793320399349,0.00158891960719329,0.0454117699565721
"ENSPFOG00000007829",2225.87634661272,0.234162827895091,0.0683310663066387,3.42688678154494,0.000610543572972679,0.0263555379452061
"ENSPFOG00000010355",11369.5250040636,-0.529298637057217,0.163337415823073,-3.24052290401455,0.00119310686886332,0.0386132768468494
"ENSPFOG00000010465",2310.27199142212,-1.76037010078683,0.471832675257562,-3.73092028826931,0.000190781584989613,0.0131678228660178
"ENSPFOG00000013294",76.3901315802802,-2.36206758162865,0.640500742485089,-3.68784518885026,0.000226161172436035,0.014662180546556
"ENSPFOG00000002920",4343.53432294473,-0.552048686147146,0.173433412443476,-3.18305843360526,0.00145728201388589,0.0430982744150594
"ENSPFOG00000011050",4950.78155108376,0.552108391214857,0.129677744362157,4.2575415999908,2.0668720855996e-05,0.00351680365195888
"ENSPFOG00000009407",2509.46390013366,0.250491657542653,0.0562071346883868,4.45658116058367,8.32770816623798e-06,0.00196495179196862
"ENSPFOG00000012846",7380.42647011039,0.200641427962137,0.0563986649995369,3.55755633513285,0.000374320840732789,0.0198674565791218
"ENSPFOG00000015708",566.997944065915,0.488811615035922,0.131264304681888,3.72387311402388,0.000196189557430272,0.0134495895249158
"ENSPFOG00000002405",425.427197952524,-1.49529119222794,0.352735922942282,-4.23912364738823,2.24394044941603e-05,0.00353563045756279
"ENSPFOG00000007325",1727.59267765444,-2.28637649953765,0.614406617378098,-3.7212758373184,0.000198218775744406,0.0134523591886471
"ENSPFOG00000002962",37.5454277504743,-1.43800177243416,0.358802729086222,-4.00777824654897,6.12926294115641e-05,0.00641108265989412
"ENSPFOG00000003635",15345.9763143494,-0.338947474064942,0.107416465510181,-3.15545174992576,0.00160249769408532,0.0456859288335611
"ENSPFOG00000024693",2636.84405950899,-1.6854199211463,0.490884280324446,-3.43343632848119,0.000595982162671961,0.0261421100952557
"ENSPFOG00000007377",2985.115868144,-0.361068256105641,0.110590645583995,-3.26490775235962,0.00109499731692894,0.0370715234323385
"ENSPFOG00000004759",961.917454430789,0.270107899217653,0.0830092553941552,3.25394918837775,0.00113812634837275,0.0376751384358562
"ENSPFOG00000005101",485.730656040098,-0.449912208074453,0.106747739278988,-4.21472352588747,2.50084357947376e-05,0.00379781957841556
"ENSPFOG00000005825",8143.34808291568,0.259657240968882,0.0735925330845274,3.52830959997861,0.00041822269460909,0.0211445186089498
"ENSPFOG00000010158",3239.68304411931,0.227269843724992,0.0699589964884146,3.24861497638303,0.0011596833109253,0.0380166296369889
"ENSPFOG00000011060",1778.55723981528,0.311930395959439,0.0879044615147838,3.54851608876505,0.000387408330235752,0.0202089713037118
"ENSPFOG00000012560",670.988095197261,-2.93104033270122,0.785417887411806,-3.73182274007013,0.000190099255298576,0.0131678228660178
"ENSPFOG00000000906",4132.96343797171,-0.449181342288837,0.0975482669089835,-4.60470858706226,4.13043837720659e-06,0.00128945931615809
"ENSPFOG00000003104",1859.99237082896,-1.13977414767683,0.296872838324494,-3.83926718964776,0.000123402080498923,0.0102626025306727
"ENSPFOG00000005346",3143.98994969616,0.495712541482928,0.133201982422979,3.72151023930565,0.000198034834125512,0.0134523591886471
"ENSPFOG00000007992",4414.96974392913,0.253394251672437,0.0758311384707772,3.34155937498006,0.000833091961529029,0.0315393695584833
"ENSPFOG00000008493",3598.64712053141,-0.692869668193212,0.198271854425445,-3.49454374248438,0.00047487278622717,0.0226199966622576
"ENSPFOG00000014074",840.550006088642,0.41413767662228,0.107727249334885,3.84431682029563,0.000120888745033304,0.0102211433925658
"ENSPFOG00000014915",9046.31976517173,0.205548165250297,0.0457541855260938,4.49244507113064,7.04100823299705e-06,0.00174239193980459
"ENSPFOG00000013619",611.106314227498,-0.65356021957641,0.177907906265638,-3.67358726936264,0.000239168940629138,0.0151190534057522
"ENSPFOG00000009838",1498.39374735808,-0.722143194014692,0.226348804323532,-3.1903998617218,0.00142076068124638,0.0426106167444819
"ENSPFOG00000010928",1417.68625851629,-1.01102219301066,0.286909114555419,-3.52384132019402,0.000425338887395099,0.0212324298053892
"ENSPFOG00000006327",11834.813074146,-0.560784302580073,0.175493473325486,-3.19547098791527,0.00139602817583553,0.0421846926600853
"ENSPFOG00000024675",53.9461888016961,-2.95174123097564,0.874654308810657,-3.37475183194304,0.000738822833112618,0.029338929411979
"ENSPFOG00000004754",716.539002004568,-0.82473032133151,0.25281728984853,-3.26215949006348,0.00110566917227663,0.0371460908010552
"ENSPFOG00000009547",194.92163112714,-0.770989539577062,0.238434795587277,-3.23354457422239,0.00122264254955801,0.0391145705094187
"ENSPFOG00000010468",3661.44785190022,0.24342569231765,0.0698065696693493,3.48714588713751,0.000488204968253973,0.0229852789229922
"ENSPFOG00000006432",802.907408641216,-0.419225944192515,0.104716525594038,-4.00343634220409,6.24290049971585e-05,0.00646331310919561
"ENSPFOG00000009845",783.671662732365,-1.55576923862374,0.35448093905039,-4.38886571106321,1.13943397869222e-05,0.00240847857246068
"ENSPFOG00000017195",584.034635531891,-1.02793698040859,0.261854095671375,-3.92560970938044,8.65103289833146e-05,0.00794329228836841
"ENSPFOG00000018171",6639.58831225448,0.368854377118856,0.0995419975936887,3.70551511960257,0.000210961544121368,0.013944077046615
"ENSPFOG00000018196",4362.23703885503,0.415693640994468,0.100961810478063,4.11733544620606,3.8327800776847e-05,0.00477145848689435
"ENSPFOG00000014878",801.084898948098,-0.300749050060235,0.0784794154080874,-3.83220298592135,0.000127000882131752,0.0103955603418081
"ENSPFOG00000015777",802.661927656108,-2.30789313734852,0.642658914432347,-3.59116334578048,0.00032920521885148,0.0187683858032828
"ENSPFOG00000003197",2420.24381238582,-0.380518312178524,0.0915696128248125,-4.15550858456197,3.24564757450663e-05,0.00436163447562175
"ENSPFOG00000008415",6393.26958109108,-0.557338919250101,0.16266236470397,-3.42635446290483,0.000611741492814512,0.0263555379452061
"ENSPFOG00000006960",225.699815615168,-0.724036089441484,0.203108793742473,-3.56476977732194,0.000364175704995632,0.0196538654408813
"ENSPFOG00000005516",6477.39532352469,-0.75311921593704,0.2313891359878,-3.25477344786295,0.00113482853209976,0.0376327625840842
"ENSPFOG00000022104",120.05377807659,-5.51067589752878,1.12934724768277,-4.87952302432733,1.06342708922629e-06,0.000553309294732817
"ENSPFOG00000003601",340.190103569737,-1.18752574121329,0.305297340170787,-3.88973497295776,0.000100353758873174,0.00883473879486765
"ENSPFOG00000007482",5804.20683865855,0.33675452863947,0.0804528572927062,4.18573733701314,2.84241891526249e-05,0.00402410031569519
"ENSPFOG00000007582",7827.51006509349,0.290869989716441,0.0803255330207795,3.62113986397321,0.000293307886950801,0.01745396962465
"ENSPFOG00000007654",59013.7523922241,0.572810738629157,0.124115910771066,4.61512738431833,3.92854282706003e-06,0.00128945931615809
"ENSPFOG00000000033",142.195105116841,-1.29099819053101,0.394637348991857,-3.27135329139273,0.00107034106740762,0.0366171197104019
"ENSPFOG00000002529",324.610421028697,-1.1463715355623,0.285329130676338,-4.01771642749888,5.87648543822942e-05,0.00633552311024669
"ENSPFOG00000015731",3195.67525865443,-0.348350638518306,0.111037177279011,-3.13724328242766,0.00170544551329147,0.0475202070148523
"ENSPFOG00000021930",1926.49549019621,0.34784395080738,0.0984536404789891,3.53307352694198,0.000410758215648462,0.0210482467473197
"ENSPFOG00000017973",10381.9054337778,-0.741501540749619,0.22444556372837,-3.30370326074702,0.000954167710912319,0.0340879774468887
"ENSPFOG00000000148",1924.90177439105,0.470803806620937,0.0847862136157132,5.55283443549936,2.81074268127755e-08,4.00201348007567e-05
"ENSPFOG00000000184",1221.65072015448,-0.569227047448032,0.147533665355943,-3.85828580937579,0.000114185074034849,0.00977655494647749
"ENSPFOG00000001367",1387.40289459246,-2.4291600986755,0.728259021607777,-3.33557158456156,0.000851242347348416,0.0319900618650548
"ENSPFOG00000001569",5688.68355355209,-0.435230647526459,0.126936877240581,-3.42871714656706,0.00060644119135614,0.0262946680662368
"ENSPFOG00000004833",355.401758825695,-1.02906684059464,0.30961448536749,-3.32370379691123,0.000888304909428509,0.0325369733251323
"ENSPFOG00000008616",1558.62637200845,-0.445626309256373,0.125467597722259,-3.5517242487007,0.000382715715968761,0.0201178403708522
"ENSPFOG00000001468",224.112330254731,-1.81428963249325,0.440347144113405,-4.12013489072614,3.78650652215822e-05,0.00474295002145893
"ENSPFOG00000000249",822.435197840857,-4.5415329452129,1.42995443579207,-3.17599836158225,0.00149321794575348,0.0434725660763695
"ENSPFOG00000002047",3464.66789877451,-0.851785558722631,0.256378581946399,-3.32237409324899,0.000892549421443834,0.0326335366845735
"ENSPFOG00000011976",524.348854069822,-2.07549932498297,0.60902513902362,-3.40790419310174,0.00065463875170327,0.0275600198123709
"ENSPFOG00000002061",6880.52346329785,-0.676131520650507,0.208393634040658,-3.24449220228384,0.00117660238857787,0.0382622045977919
"ENSPFOG00000003877",19386.8015308637,0.31819963034845,0.0540789229080222,5.88398609361444,4.00501504849009e-09,1.16099664805658e-05
"ENSPFOG00000006066",957.579286644953,-1.38597012210536,0.380387316098138,-3.64357606957586,0.000268876138710557,0.0165836918137223
"ENSPFOG00000024495",42.1567660539793,-2.96235071714898,0.791754564866665,-3.74150127905842,0.000182924246470824,0.012933445328871
"ENSPFOG00000000899",804.069069991771,0.326660861393755,0.104512092142371,3.12557958316215,0.00177455046934409,0.0486610515188248
"ENSPFOG00000001734",23915.4700614504,0.332022454853654,0.0693297104946197,4.78903564553931,1.67584713729338e-06,0.000708464377290778
"ENSPFOG00000006674",565.086108594868,-0.419628179108678,0.127667745792369,-3.28687701427058,0.00101305066461437,0.0354428001488875
"ENSPFOG00000010538",2184.75580502288,0.199852596459029,0.0538093072860888,3.71408974652785,0.000203936415929583,0.0136576823499772
"ENSPFOG00000011815",2272.66896654302,0.551082742885666,0.115283702977881,4.78023110509731,1.7509380235841e-06,0.000725102742338132
"ENSPFOG00000005586",6803.83779118391,0.378913465274322,0.111702803036018,3.39215717936948,0.000693446481180985,0.0284159083435251
"ENSPFOG00000023320",59402.8237680214,0.296026993849233,0.0923606311898792,3.20512094856354,0.00135005737270578,0.0415353903559156
"ENSPFOG00000005130",1131.49776299793,-1.1384218047271,0.304147476841348,-3.74299276308294,0.000181841468036222,0.0129018428999686
"ENSPFOG00000007093",2617.89161966007,0.513711990744539,0.136051309566992,3.77586950378883,0.000159450458481673,0.0121182348446071
"ENSPFOG00000016157",693.647551776634,-0.722040611173045,0.150131980914515,-4.80937243866896,1.51404878161306e-06,0.000698251769920278
"ENSPFOG00000016791",4072.05660241605,0.223064847800285,0.0672358349242513,3.31764821618699,0.000907787376896401,0.0329531689659781
"ENSPFOG00000017794",778.916907881778,-2.551717000999,0.723169480387487,-3.52851865323706,0.000417892494167972,0.0211445186089498
"ENSPFOG00000007918",76.1473343265164,-2.90065108269728,0.84346050814645,-3.43898861260454,0.000583891794291484,0.0259078741922885
"ENSPFOG00000023431",57.7745271717445,-1.23069699556844,0.382181110007167,-3.22019315801705,0.00128104249525444,0.0404905207378553
"ENSPFOG00000013290",375.998957214878,0.769413487314767,0.197272774558255,3.90025176579832,9.60927078222177e-05,0.00853046930558237
"ENSPFOG00000014303",24863.4513444572,0.457312159369271,0.111177491914204,4.11335200583749,3.89955072129332e-05,0.00478072892092994
"ENSPFOG00000007443",1456.37961844286,0.214794649362904,0.0608961197550788,3.52723047423706,0.000419931056544784,0.0211445186089498
"ENSPFOG00000007532",16136.7716929334,-0.496860391360768,0.131522113108771,-3.77777074604828,0.000158238438602558,0.0120713323162523
"ENSPFOG00000009422",1169.16593735921,-0.930600339383022,0.264400139805441,-3.51966659347383,0.000432089583596111,0.0212814607532337
"ENSPFOG00000022350",1010.23433081266,-1.09452314183663,0.296566637934519,-3.69064824506086,0.000223683281644061,0.0145947946981392
"ENSPFOG00000022741",773.639025092785,0.454416818861046,0.117063325871621,3.88180342116186,0.000103684678599774,0.00906883404373542
"ENSPFOG00000002419",4072.58343265052,-0.154714408427034,0.0412787269031075,-3.74804215232198,0.000178220307561004,0.0127191041375282
"ENSPFOG00000003521",8675.57547989194,0.479617617433128,0.0892377420959351,5.37460502886228,7.67507353979858e-08,8.19697854050489e-05
"ENSPFOG00000004726",168.430850317141,0.867816405777255,0.207379310756699,4.18468169563643,2.85565959718169e-05,0.00402410031569519
"ENSPFOG00000024526",10602.1501695742,-0.168286866225197,0.0524699469024589,-3.20730010529725,0.00133987140789759,0.0415353903559156
"ENSPFOG00000007960",229.753863875698,-0.851437972313763,0.256379439179176,-3.32100723458841,0.000896932123458729,0.0326820290508052
"ENSPFOG00000008117",7649.06675644053,0.362403086593484,0.112068173913272,3.23377346073243,0.00122166317425973,0.0391145705094187
"ENSPFOG00000009649",17.5501730587377,-5.07965973495817,1.01804833469479,-4.98960566197579,6.05026734379474e-07,0.000341033402611897
"ENSPFOG00000010106",3771.28408416344,-0.962878150273754,0.29711767522108,-3.2407299550836,0.00119224068293045,0.0386132768468494
"ENSPFOG00000011100",420.462292434546,-1.87880271071429,0.448249029135301,-4.19142616848187,2.77206399416234e-05,0.00398941294819448
"ENSPFOG00000012208",1169.61210831976,-0.967774787158997,0.308095709191423,-3.14114983846694,0.00168285910749849,0.0471014855301507
"ENSPFOG00000003813",3386.17575292339,0.641060513290954,0.121441432985858,5.27876275443494,1.30059066822496e-07,0.00012564296126954
"ENSPFOG00000003654",2700.01301097357,0.686478345225138,0.141002241389002,4.86856335376439,1.12412485019617e-06,0.00055660826293703
"ENSPFOG00000013746",4553.46785273365,0.425965684574804,0.0734061225854798,5.80286316143148,6.51919936886416e-09,1.65359491991239e-05
"ENSPFOG00000004854",315.974495902368,-1.64054763837572,0.46229629250477,-3.54869304594044,0.000387148097983528,0.0202089713037118
"ENSPFOG00000006708",46.3823755016389,-3.1782326108246,0.976918309779896,-3.25332484713146,0.00114063019692569,0.0376965276156614
"ENSPFOG00000015935",1916.56492593216,0.524954087639096,0.140516413585534,3.73589158906015,0.000187051247040977,0.013043449845208
"ENSPFOG00000016938",387.201763305737,-3.12422164484782,0.872060367812257,-3.5825749686178,0.000340223931905013,0.0189052652648768
"ENSPFOG00000022968",22.2905465361938,-4.19854524149526,1.07166689891824,-3.91777076042318,8.93716355381479e-05,0.00816905057810855
"ENSPFOG00000001549",987.312314507567,-2.7387220280071,0.76412267035933,-3.58413921513311,0.000338191678238626,0.018905194310794
"ENSPFOG00000004906",938.713694765203,-0.960071424729937,0.202724478906711,-4.73584359376618,2.18145780001868e-06,0.000835210220339226
"ENSPFOG00000004710",412.83855184336,0.38987927055557,0.105700147723041,3.68854045102326,0.000225544171806991,0.014662180546556
"ENSPFOG00000009685",2661.13359273161,0.544124574535943,0.105779018989662,5.14397448315456,2.68986085340555e-07,0.000192171262199407
"ENSPFOG00000023837",2466.43248719527,0.30645154618654,0.0622719306395713,4.92118267474755,8.60227903185203e-07,0.000471776881390112
"ENSPFOG00000009342",292.35387782672,-0.524342007651018,0.167067702491195,-3.13850013995764,0.0016981485399419,0.0474639534056489
"ENSPFOG00000003172",4602.8745071215,0.28937159764474,0.0821409832387199,3.5228650332047,0.000426908700995407,0.0212324298053892
"ENSPFOG00000002285",2190.38535106627,-0.188468752145289,0.0574208447744238,-3.28223579582785,0.00102987445955625,0.0357290503120496
"ENSPFOG00000007353",25.4389605431477,-3.52354201295477,1.11429888340361,-3.16211571727699,0.00156627310277024,0.0449544749666388
"ENSPFOG00000012540",1286.50675543089,-0.355471812872237,0.100030320369669,-3.55364065174005,0.000379937971043186,0.020025198203658
"ENSPFOG00000019294",420.863232118544,-0.627572417407898,0.193844068228784,-3.23751158930077,0.00120577042047924,0.0387798283291027
"ENSPFOG00000019330",1365.13502238778,0.528218077147754,0.113564442392373,4.65126289549968,3.29908435683818e-06,0.00113466135201628
"ENSPFOG00000003961",1919.77321457348,0.284517828510999,0.081909063683976,3.47358174681051,0.000513560895958307,0.0236844947745136
"ENSPFOG00000016472",9506.23824213322,0.359039360374585,0.114290731118807,3.1414565018519,0.00168109778216023,0.0471014855301507
"ENSPFOG00000002569",2411.22018978936,0.292898787687164,0.0835240910469919,3.50675815822258,0.000453601199604341,0.0220202764171562
"ENSPFOG00000003224",874.023133042292,-0.453313307716275,0.14229699221471,-3.18568439614153,0.00144412041508576,0.042785700699398
"ENSPFOG00000002251",3907.96529718951,-0.597602227214595,0.147146030046918,-4.06128678445521,4.88029770661206e-05,0.00558305390081902
"ENSPFOG00000022405",116.30515619532,-2.46654506440201,0.720171140126415,-3.42494294338016,0.000614928547199858,0.0264367162707193
"ENSPFOG00000002967",243.275729931287,-0.574536627809769,0.161518761588216,-3.5570891094034,0.000374986983530636,0.0198674565791218
"ENSPFOG00000002711",1028.51574711329,-0.644398512987428,0.20150863035674,-3.1978705420538,0.00138446417273086,0.042074109839931
"ENSPFOG00000004088",238.012327921377,-0.710875781558735,0.213495646555777,-3.32969684875057,0.000869405848317407,0.0322858344233927
"ENSPFOG00000024527",182.824857311584,-6.00334182941137,1.43862550439294,-4.17297052713147,3.00653846465216e-05,0.00420749507067046
"ENSPFOG00000006702",417.663553342554,-0.300296787839058,0.0954057309551583,-3.14757598765425,0.00164630309659279,0.0465924441228185
"ENSPFOG00000006828",995.946683572264,-2.73497914217231,0.728161156691145,-3.75600801696206,0.000172645165062025,0.0125819554652564
"ENSPFOG00000001473",9708.40045475761,0.233636355130207,0.0613763256005597,3.80662010708696,0.000140878890868045,0.0111234025427797
"ENSPFOG00000014702",76.0966685915679,-4.54827962541418,1.31156319801336,-3.46783108301874,0.000524676978390115,0.0239791559583158
"ENSPFOG00000003668",499.567552207688,-1.39002477372152,0.387492067490385,-3.58723414062151,0.000334204203975648,0.0187857942024206
"ENSPFOG00000009897",50.1128183190631,-1.65765256645468,0.50822154725059,-3.2616731333458,0.00110756774436604,0.037148371353183
"ENSPFOG00000010987",469.380838517043,-0.510815491939805,0.160709193420631,-3.17850821765264,0.00148035021752306,0.0433050760962347
"ENSPFOG00000001368",497.670222596057,1.58929589116796,0.391406937675402,4.06046939435187,4.89741570247283e-05,0.00558305390081902
"ENSPFOG00000004253",2179.9153005298,-1.79794214876021,0.508754166417567,-3.53400967980382,0.000409306088162987,0.0210269345341857
"ENSPFOG00000006759",2179.19731403632,0.417000626280774,0.104862155006698,3.97665512647662,6.98914120180909e-05,0.00702097293401535
"ENSPFOG00000007361",1850.16911739039,0.605579465329059,0.115156634583946,5.25874577280745,1.45041241799864e-07,0.00012564296126954
"ENSPFOG00000016830",1612.53813200973,0.855007197187679,0.198601650758668,4.30513640708176,1.66882873764569e-05,0.0031067773159914
"ENSPFOG00000010818",3965.98493436539,0.513953154998959,0.0999895573486747,5.14006830940103,2.74638606533747e-07,0.000192171262199407
"ENSPFOG00000011589",2695.52773163357,0.226147806222864,0.0683477745296307,3.30878083125914,0.000937031578120148,0.0335348232508184
"ENSPFOG00000006927",5402.11624653922,-0.502428821015,0.144448870302636,-3.47824680083933,0.000504705000668347,0.0234516120546936
"ENSPFOG00000007505",198.55697500551,-0.880989699397944,0.198649295252181,-4.43489969737645,9.21151665244063e-06,0.00214850684955546
"ENSPFOG00000007905",1963.98735738788,-0.840538831283812,0.247837990784069,-3.39148501254651,0.000695149649493568,0.0284159083435251
"ENSPFOG00000002846",2769.51787696537,0.367001781227104,0.0996091695002833,3.68441764014567,0.000229226127866422,0.0148135560084886
"ENSPFOG00000005324",1568.91320401729,-0.505863871570602,0.142811720950132,-3.54217334687286,0.000396844591844596,0.0205953208637098
"ENSPFOG00000005461",476.100005981805,-0.601482367441872,0.145602919069163,-4.13097739583203,3.61224103844557e-05,0.00458122469700859
"ENSPFOG00000006644",1334.12715537167,0.413151915546971,0.125536451275234,3.29109124361936,0.000997995371516682,0.0350976119216924
"ENSPFOG00000015040",4005.27483545363,0.607409209336168,0.18041264848844,3.36677729873849,0.000760520779504022,0.0299079218172396
"ENSPFOG00000024238",172.385455505281,-2.51903254383138,0.577382172421549,-4.36285126931876,1.28378223914975e-05,0.00260505091968267
"ENSPFOG00000014082",1164.17680287024,-0.728846489820917,0.221647088475816,-3.28831971054942,0.00100787314004674,0.035322559167234
"ENSPFOG00000012456",712.021168399263,-0.539099925990407,0.143143654725306,-3.76614616292246,0.000165786759961839,0.0124398925827839
"ENSPFOG00000009094",166.996998615053,-2.1780797547654,0.607108910352077,-3.58762607108217,0.000333702394233635,0.0187857942024206
"ENSPFOG00000006469",3242.61072339133,0.349891212776605,0.103434112254865,3.38274487158031,0.000717652674890914,0.0288940636485842
"ENSPFOG00000007733",1474.42108472329,0.304799833857733,0.0669933334822882,4.54970394835356,5.3721443824627e-06,0.0015140493584574
"ENSPFOG00000008337",5569.69971372243,0.300637826208287,0.0745189313329868,4.03438187894686,5.47462212347301e-05,0.00610390286425903
"ENSPFOG00000010184",2620.94448688535,0.354284523991446,0.0840903946679,4.213139031998,2.51845931377678e-05,0.00379781957841556
"ENSPFOG00000010722",208.703401733596,-1.48236398667245,0.434950967434255,-3.40811746072623,0.000654127305258136,0.0275600198123709
"ENSPFOG00000008709",30765.0133404636,-0.526854372199995,0.144169442749436,-3.6544108248768,0.000257773235502723,0.0160945676763731
"ENSPFOG00000010651",221.373390738034,-1.55737499951184,0.458039667739757,-3.40008761074529,0.000673642652228865,0.0281266598745435
"ENSPFOG00000003159",10933.996396931,-0.657469158986131,0.191645470430057,-3.43065326569293,0.000602129713136482,0.0262338733835965
"ENSPFOG00000007843",825.363909592292,-2.78526941856053,0.889357730460373,-3.13177625061936,0.00173752237709966,0.0481006876890946
"ENSPFOG00000009951",346.681882982887,-1.14361442496743,0.325186164250433,-3.51679914673954,0.000436784163138855,0.0214217263970935
"ENSPFOG00000011151",223.717955293143,1.00818609704359,0.307315210707503,3.28062543576198,0.00103577196429623,0.0357290503120496
"ENSPFOG00000012151",999.409831077038,-0.955174309787868,0.240672620025101,-3.96877014796386,7.22445243930332e-05,0.00718620533815407
"ENSPFOG00000003559",6224.16874869481,0.239330606079666,0.075682428674373,3.16230081766267,0.001565277765466,0.0449544749666388
"ENSPFOG00000009130",2219.17125420387,0.397146411529136,0.0559232402657978,7.10163448400946,1.23289955156536e-12,1.25089988501822e-08
"ENSPFOG00000017292",5876.19090063531,0.485595636526452,0.0899600884935505,5.39790083200358,6.74251156659978e-08,8.04817910055545e-05
"ENSPFOG00000017672",3389.95490841778,-0.221963744194112,0.0670430366190619,-3.31076507550379,0.000930412837147909,0.033475066119513
"ENSPFOG00000018166",22973.4242984814,-0.958232233338322,0.268601006315285,-3.56749308754839,0.000360412883830746,0.0196538654408813
"ENSPFOG00000011826",1037.02355311718,-0.5536877656838,0.15836203479572,-3.4963415720064,0.000471684492575328,0.0225209922902084
"ENSPFOG00000013183",1102.72827110769,-0.419714178759436,0.0999077001170783,-4.20101932351148,2.6571590797088e-05,0.00387906993132741
"ENSPFOG00000017718",5608.51316086741,0.219693933547091,0.0677061809987675,3.24481355034764,0.00117527548592873,0.0382622045977919
"ENSPFOG00000017663",9450.74078558258,0.27435504104077,0.073025928781889,3.75695380554765,0.000171994230538851,0.0125819554652564
"ENSPFOG00000001486",160.565078396454,-2.27728636850473,0.51391002949707,-4.43129387985163,9.36693247667834e-06,0.00215992947519042
"ENSPFOG00000002643",5366.70342851559,0.20461291779005,0.0587753069513728,3.48127348716927,0.000499035669011348,0.0232791535530535
"ENSPFOG00000017738",453.571993232245,-1.08489180142462,0.348285396178505,-3.11495059318706,0.00183975722710554,0.0497101912815254
"ENSPFOG00000000952",363.712506494652,-0.569123853047568,0.157964193907528,-3.60286618738885,0.000314727568262935,0.018195259160835
"ENSPFOG00000007041",31344.6941027096,0.578286983961123,0.179656566047448,3.21884691822728,0.00128707176175044,0.0405547518469564
"ENSPFOG00000013976",446.562682645717,-1.44407415684677,0.435818500080947,-3.31347603779682,0.000921440023050929,0.0332702152095186
"ENSPFOG00000012323",786.226607205735,-1.00950777251096,0.276832519288158,-3.646637234335,0.000265694606349116,0.0164374236342569
"ENSPFOG00000014040",702.103128656727,0.479185701372344,0.139012224843767,3.44707598134546,0.000566689182204418,0.0254972436480977
"ENSPFOG00000013286",366.418663061342,-2.45829360413511,0.715236269103103,-3.43703711672477,0.000588115004749175,0.0259541360207109
"ENSPFOG00000013837",49.7622850116188,-1.67134335322602,0.508719648340144,-3.28539178441269,0.00101840654303777,0.0355170109346933
"ENSPFOG00000013857",43.7064833469028,-1.68732691490112,0.529323113961598,-3.18770684747301,0.00143405846189761,0.042785700699398
"ENSPFOG00000014558",23317.5147617695,-0.885298124473323,0.230554527440471,-3.83986440995788,0.000123102279943276,0.0102626025306727
"ENSPFOG00000006558",8686.03327828694,-0.466565282786561,0.14517564199526,-3.21379865364601,0.00130991493375531,0.0408848905749325
"ENSPFOG00000007456",9779.60506035379,0.170965204986188,0.0487790969603475,3.50488663464117,0.000456801750932526,0.0221227234604363
"ENSPFOG00000001931",2187.2782085033,0.628975691369001,0.139339961575187,4.51396486879043,6.36267612431293e-06,0.00163432182170327
"ENSPFOG00000002657",131438.914197373,0.260435392472431,0.0767365369044115,3.39389035495371,0.000689072754541827,0.0283240199146646
"ENSPFOG00000022632",2203.28877782884,0.343327135157656,0.0941358552762568,3.64714522590896,0.000265170066659058,0.0164374236342569
"ENSPFOG00000006984",5095.0615469975,0.461184732298666,0.111094616311028,4.15127886132217,3.30622625840094e-05,0.00438496361016156
"ENSPFOG00000007112",3932.24156015372,0.638722798768145,0.130844022437988,4.88155887343544,1.05250490300909e-06,0.000553309294732817
"ENSPFOG00000004138",735.979632461851,-0.478956220644822,0.152381947942615,-3.14312966274187,0.00167151779128176,0.0470008135529075
"ENSPFOG00000004499",144.652810488207,-2.66953534401686,0.711502844175312,-3.75196721400469,0.00017545241335677,0.0126404570419224
"ENSPFOG00000004102",632.488896126007,-0.860797719458114,0.245649353887326,-3.50417253632567,0.000458028497660735,0.0221293197012658
"ENSPFOG00000010262",2935.7446120638,0.279077521797661,0.0736594004560413,3.78875635790994,0.000151403307016197,0.0117262439159262
"ENSPFOG00000021880",1195.45543207426,-1.32003863348123,0.365961064332708,-3.60704665642008,0.000309701989077397,0.0180681767235237
"ENSPFOG00000014397",301.922856889493,2.64031235565363,0.735534359054067,3.58965196275698,0.000331119757420424,0.0187683858032828
"ENSPFOG00000016492",125.06606421965,-1.91955369696205,0.518824289716006,-3.69981462898118,0.00021575700487624,0.0142111455272978
"ENSPFOG00000022877",124.097638506638,-2.67723672870479,0.630005273026982,-4.2495465408432,2.14203701822214e-05,0.0035338386320133
"ENSPFOG00000016936",4157.80083449548,0.351053499410186,0.0844267215799348,4.15808517541227,3.20926370198292e-05,0.00435806615137722
"ENSPFOG00000009210",87200.0702513655,0.441500378139304,0.117049251203026,3.77191971415099,0.000161996384892062,0.0122657859784691
"ENSPFOG00000009622",3937.80993637194,0.264887845895152,0.0790654003574694,3.35023720486515,0.00080742384253259,0.0309136690805119
"ENSPFOG00000004355",29.8622806764441,1.1852976169575,0.348036281572147,3.405672568398,0.000660012859013908,0.0277082474054871
"ENSPFOG00000004384",2330.06882533635,0.522451941684363,0.13011242063947,4.01538868554317,5.93479050447015e-05,0.00633552311024669
"ENSPFOG00000001847",5863.87153821756,0.438321101258125,0.108838952865005,4.02724474758391,5.64342800359834e-05,0.00619007789454149
"ENSPFOG00000002633",1639.09398246106,0.311109863066718,0.0686137116137519,4.53422290894352,5.78159460173316e-06,0.00156570666443207
"ENSPFOG00000004529",182.31108970123,-0.962409681038969,0.217366951343245,-4.42758052726803,9.52959994786081e-06,0.00217274878811227
"ENSPFOG00000018016",5502.026750439,0.257326628413431,0.0750898118141466,3.42691800920124,0.000610473366673774,0.0263555379452061
"ENSPFOG00000018702",5616.25625277489,-1.25232348029933,0.391286835521322,-3.20052546268475,0.00137177248246641,0.0419216976117595
"ENSPFOG00000003463",374.385484594512,-0.470852650345346,0.141212474843542,-3.33435591201862,0.000854971833284256,0.0319900618650548
"ENSPFOG00000003879",198.860552865141,-0.673864783725186,0.185913551658796,-3.62461357826092,0.000289393821559585,0.0173739036304352
"ENSPFOG00000001609",2686.17140366991,-0.411536194977032,0.103982471363513,-3.95774585447522,7.5660396196699e-05,0.00738125365203565
"ENSPFOG00000023829",45.3374716766426,-4.80449472990181,1.03838982770322,-4.6268699882478,3.71233387709308e-06,0.00125551131723288
"ENSPFOG00000005015",15.1098112491206,-2.11960232150711,0.544996205619783,-3.8892056488662,0.000100572869190539,0.00883473879486765
"ENSPFOG00000015585",338.698887380547,-1.17536377026537,0.35050350438712,-3.35335811355318,0.000798373356049332,0.0306829396608959
"ENSPFOG00000016520",5140.38311315808,-0.703407420927011,0.21026739597555,-3.34529952997945,0.000821937532276228,0.0313510458739647
"ENSPFOG00000001004",181.310706768928,-0.750892785637962,0.226907212751758,-3.30925040474344,0.000935461317883935,0.0335348232508184
"ENSPFOG00000013609",1397.76668212269,0.448374742090173,0.10842706465623,4.13526589059431,3.54543890767793e-05,0.00458122469700859
"ENSPFOG00000014112",1363.90993554859,-0.527882744705706,0.0877558532749865,-6.01535652615175,1.79491215341117e-09,6.07039290283659e-06
"ENSPFOG00000014240",4284.46070949601,-0.27239528861243,0.0691601835965757,-3.93861430735006,8.19535482701509e-05,0.0077710345864388
"ENSPFOG00000016669",1248.12240521938,-0.208028967586355,0.0604983408902168,-3.43858962948842,0.000584752926279723,0.0259078741922885
"ENSPFOG00000013422",922.711293721896,-0.391577906617871,0.119378519405932,-3.28013706792894,0.00103756664485384,0.0357290503120496
"ENSPFOG00000013114",5661.02790329674,0.246779915356983,0.0665594605021741,3.70766099206771,0.000209182430853646,0.0138716662970006
"ENSPFOG00000013155",13617.1662149241,-0.701981550939953,0.176372964199768,-3.98009725654357,6.88870794887151e-05,0.00695451053226372
"ENSPFOG00000015918",2799.22009207886,0.365424866801288,0.111886168796476,3.2660414663586,0.00109062277768025,0.0370715234323385
"ENSPFOG00000002983",133.692607046838,-1.09538965132599,0.292862887855629,-3.74028153360961,0.000183814252237678,0.0129512458555797
"ENSPFOG00000007817",2139.50393682676,0.383423440629322,0.123015990269502,3.11685854651354,0.00182789254954554,0.0495876946729654
"ENSPFOG00000014938",34505.4619968772,0.176996467464881,0.0548852320776649,3.22484684431002,0.00126040077108515,0.0400251212000937
"ENSPFOG00000013655",225.289120152383,-1.06304157303066,0.27907190589576,-3.80920311422438,0.000139415397143154,0.0111118301179928
"ENSPFOG00000001509",570.843237365857,-1.42401266711156,0.399345905685765,-3.56586269406271,0.000362661221263063,0.0196538654408813
"ENSPFOG00000004267",2257.37463229809,0.418009843926996,0.122830742816075,3.40313698625854,0.000666168716533533,0.0278719496822648
"ENSPFOG00000023115",1183.38850184202,0.496804323786501,0.139725249204278,3.55558015903177,0.000377145932051108,0.0199298053468257
"ENSPFOG00000005608",4114.84546609437,0.516966368902614,0.0960361471725519,5.38303945048692,7.32384785782113e-08,8.19697854050489e-05
"ENSPFOG00000007998",184.997140176289,-1.176570002515,0.276193146113271,-4.25995365588281,2.04469294934897e-05,0.00351680365195888
"ENSPFOG00000008061",568.82300716173,-1.55058938325114,0.411854152818539,-3.76489923104969,0.00016661626194521,0.0124398925827839
"ENSPFOG00000022622",3688.89224211954,0.292410109796758,0.0855771023614984,3.4169199672308,0.000633338953490316,0.0269427967384182
"ENSPFOG00000004202",2164.86792026506,-0.984472085898757,0.255291514115038,-3.85626639142866,0.000115132019430418,0.00981621402639509
"ENSPFOG00000006213",1841.11813138188,0.448876301432266,0.101672359730276,4.41492951105965,1.01042909224668e-05,0.00221214772540657
"ENSPFOG00000006965",3552.19661379205,0.202947751746739,0.0472039029633282,4.29938498738982,1.7127272933101e-05,0.0031595147487135
"ENSPFOG00000019446",174.747332023609,-6.90012993665123,1.93450620269442,-3.56686886143895,0.000361272156864263,0.0196538654408813
"ENSPFOG00000000417",72.302519885567,-2.21568068712177,0.610112254153175,-3.63159512374833,0.000281674794354618,0.0172160991778431
"ENSPFOG00000001001",70.4882812453832,-2.75525912991583,0.635479573872659,-4.33571627349889,1.4528624604671e-05,0.0028077604807427
"ENSPFOG00000008352",1249.66766365514,0.553644990258544,0.138760569810865,3.9899302158616,6.6092737729582e-05,0.00673946650255617
"ENSPFOG00000012327",1057.31771790028,-0.380632780882623,0.104017733179072,-3.65930663214265,0.000252898589039036,0.0158389449653707
"ENSPFOG00000012481",11152.9757792232,-0.769818783583843,0.205424518455773,-3.74745327077196,0.000178639103055172,0.0127191041375282
"ENSPFOG00000012824",482.151460265249,-0.65097925042057,0.197757552194328,-3.29180475383757,0.000995466961508648,0.0350694714981484
"ENSPFOG00000009632",1556.02198443604,-0.680394725390517,0.214840997447658,-3.16696875118671,0.00154036869718644,0.0445258712297823
"ENSPFOG00000011098",3502.331837993,0.354556294272454,0.095242778821585,3.72265801837462,0.000197136453704013,0.0134523591886471
"ENSPFOG00000003225",3088.58898190048,0.277659297364853,0.0769797742040215,3.60691233815477,0.000309862285619271,0.0180681767235237
"ENSPFOG00000004353",822.428015403766,1.25442044882513,0.218982970264579,5.72839270245313,1.01386647787653e-08,2.05733785690706e-05
"ENSPFOG00000017785",31.9077311524744,-1.73944342563028,0.50308146824105,-3.45757801755646,0.000545054397771954,0.0247432748089228
"ENSPFOG00000017141",765.505657397834,-1.01145055750855,0.301294492425179,-3.35701641728391,0.000787884341967187,0.03056930987992
"ENSPFOG00000017773",64.2067482740271,-2.32638266840955,0.729497936360211,-3.18901884769805,0.001427565695977,0.0426629795327913
"ENSPFOG00000014698",691.097814082952,-0.610570964829288,0.193569122467324,-3.15427872507072,0.00160895339023457,0.0457908586180083
"ENSPFOG00000001066",3040.89383474179,-0.28810357349719,0.0605946208153772,-4.75460642579147,1.98833379408557e-06,0.000775909025953545
"ENSPFOG00000003476",367.092782087007,-1.72148790434372,0.430938746742641,-3.99473919984225,6.47655052357205e-05,0.00663748299112748
"ENSPFOG00000005727",6990.47649898686,-0.338212410225604,0.0964095278218998,-3.50808076614994,0.000451351999602487,0.0219636325561958
"ENSPFOG00000005877",773.796551488782,-0.592721417103414,0.164383428569562,-3.60572487300684,0.000311282799361674,0.0180989987525705
"ENSPFOG00000002171",2363.13705035468,-1.07547169067649,0.33043319216362,-3.25473262426962,0.00113499165688249,0.0376327625840842
"ENSPFOG00000005456",434.853847249916,-0.778649221856246,0.238481414979886,-3.26503103783546,0.00109452082348466,0.0370715234323385
"ENSPFOG00000005799",3953.6786044634,0.192921857154061,0.0613816258763319,3.1429903395317,0.00167231359083379,0.0470008135529075
"ENSPFOG00000016601",312.656514332783,-2.27294963261611,0.716105802634586,-3.17404163498442,0.00150332124828965,0.0436414803580739
"ENSPFOG00000007516",6213.88519201716,0.260549366985422,0.0809283488694105,3.21950676895504,0.00128411329045276,0.040524458615657
"ENSPFOG00000003027",480.448865296122,-1.68530288705041,0.414787954651126,-4.06304683670937,4.84363060228996e-05,0.00558305390081902
"ENSPFOG00000002238",608.458202440236,-1.74952617401576,0.375850864721777,-4.65484142310233,3.24230150038352e-06,0.00113435831113418
"ENSPFOG00000003890",1202.8330267894,-0.616948388425922,0.195699814441552,-3.15252413593975,0.00161865439533517,0.0459380908953026
"ENSPFOG00000005722",358.393094339568,-1.27300279653066,0.357639043952066,-3.5594625868122,0.000371614466702864,0.0198674565791218
"ENSPFOG00000000107",70.3170252801962,-2.52938852605402,0.808620283808562,-3.12803002435299,0.0017598220330328,0.0483879521603003
"ENSPFOG00000000918",233.349912727975,-0.503815475347313,0.150903814373461,-3.3386530184085,0.000841856492959274,0.0317526988013561
"ENSPFOG00000004419",2070.22776836087,-0.640489303963025,0.186557016635676,-3.43320940436041,0.000596481222851537,0.0261421100952557
"ENSPFOG00000002518",451.41959442965,-0.657559417439512,0.204876058855715,-3.20954737762992,0.00132944135215089,0.0413124409155372
"ENSPFOG00000004231",566.409412123524,-2.22532561151445,0.700320876613442,-3.17758000057847,0.00148509712057273,0.0433605622599452
"ENSPFOG00000002602",1774.23042925848,0.464736440730584,0.124674194546051,3.72760732421597,0.000193306251134079,0.0132968489763144
"ENSPFOG00000003052",5556.82139399131,-0.323184516239789,0.0841090210623425,-3.84244772032529,0.000121813366647252,0.0102565843817678
"ENSPFOG00000022374",62.7971332001853,-1.74437662501265,0.50069460841096,-3.48391333900863,0.000494139458644547,0.0231038661170856
"ENSPFOG00000004625",103.468994237604,-2.67784991507595,0.580672597846708,-4.61163472326083,3.99514592335944e-06,0.00128945931615809
"ENSPFOG00000002669",849.632518913122,-0.700640250935463,0.170525494063216,-4.10871262848079,3.97870787650008e-05,0.0048057107279726
"ENSPFOG00000003260",1689.24957549837,-1.24303183053943,0.313430896876707,-3.96588799293898,7.31231972194017e-05,0.0072381264291517
"ENSPFOG00000003942",1477.45509796301,-2.79717924018503,0.647884366583333,-4.31740505630066,1.57874281485308e-05,0.00299400459803727
"ENSPFOG00000006772",5320.82682222432,-3.04432037535662,0.763636842781479,-3.98660751394335,6.70247631372728e-05,0.0068003324679077
"ENSPFOG00000008424",46.2623129328136,-3.18630823743239,0.770914595773238,-4.13315334137172,3.57819824107765e-05,0.00458122469700859
"ENSPFOG00000009228",4777.84177742933,0.260497450367098,0.0835642920536862,3.11732971063454,0.00182497344382191,0.0495747806185198
"ENSPFOG00000001972",733.032640146522,-1.1776153373427,0.208263235749302,-5.65445616508264,1.56340490081471e-08,2.44035478825632e-05
"ENSPFOG00000002265",3414.32428462966,-0.433131939405735,0.138279857016084,-3.13228512635325,0.00173451338709865,0.0480829858620297
"ENSPFOG00000004154",1755.26748847985,0.194709115091958,0.0607933280941494,3.2028040114931,0.00136096567630386,0.0417170929056767
"ENSPFOG00000006223",3618.34871161189,-0.460349107594887,0.123147312172736,-3.73819858081163,0.000185343528621674,0.0129689340785897
"ENSPFOG00000008920",46.3049805540594,-1.05717673260788,0.336070123483929,-3.14570281240259,0.00165688272662527,0.0468265519340946
"ENSPFOG00000011067",1513.50522907317,0.314411513379748,0.0892096577043349,3.52441116209405,0.000424425107111082,0.0212324298053892
"ENSPFOG00000013463",3802.73959543214,-0.593556392875061,0.157989419214822,-3.75693762167697,0.000172005349573669,0.0125819554652564
"ENSPFOG00000013773",11011.4358648455,-0.494260508901846,0.114282646263034,-4.32489555557065,1.52604147408131e-05,0.0029213616596281
"ENSPFOG00000014287",6825.79774204705,-0.544872666033124,0.123895726180862,-4.39783261964761,1.09337245573695e-05,0.00233544356545412
"ENSPFOG00000011897",192.401459136593,-0.893347986554265,0.243593703409455,-3.6673689592569,0.000245059066748382,0.015443287523162
"ENSPFOG00000011977",242.01624262304,-1.12891189384114,0.275075627615981,-4.10400551886463,4.06057769327395e-05,0.00487557648236183
"ENSPFOG00000002765",5650.65809960544,-0.584398485875378,0.148540981630814,-3.9342575998848,8.34542427469311e-05,0.00784006247139225
"ENSPFOG00000012843",1988.23480384067,0.192020567075985,0.0606597373088405,3.16553575064692,0.00154797637948771,0.044646489300598
"ENSPFOG00000013549",2716.37599143668,0.200651278297203,0.0499815002151614,4.01451091770826,5.95691865323196e-05,0.00633552311024669
"ENSPFOG00000009929",3133.25107731357,-1.08307216381374,0.312536549698595,-3.46542561136684,0.000529392957397069,0.0240861925818416
"ENSPFOG00000011941",105.317329279093,-0.97533591305758,0.276368602048046,-3.52911259032247,0.000416955696197961,0.0211445186089498
"ENSPFOG00000015023",2097.00815476645,-1.07948867008051,0.337651443029705,-3.19705036766435,0.00138840680746237,0.0421129311465268
"ENSPFOG00000003100",35.043863063823,-2.08542581735937,0.614397655784881,-3.39426070025492,0.000688141506692852,0.0283240199146646
"ENSPFOG00000003210",13027.567066628,-0.591871000337288,0.162617912569804,-3.63964209713506,0.000273017245901295,0.0167880786479669
"ENSPFOG00000022182",53.5710330422815,2.14543901454704,0.684227951636978,3.1355617808571,0.00171525295772533,0.0476793329015922
"ENSPFOG00000019269",18681.2099866359,-0.947906573043911,0.1891933536018,-5.01025302949593,5.4358516940033e-07,0.000335827090633172
"ENSPFOG00000004304",720.642023842952,-0.368907634767197,0.0994784750827764,-3.70841666461239,0.000208559275162037,0.0138716662970006
"ENSPFOG00000017342",3176.18281632545,0.35937706691482,0.111675400045257,3.21805041010983,0.0012906513232741,0.0405742908999439
"ENSPFOG00000017752",1537.10558558747,0.242444002522251,0.063632395627929,3.81007190016652,0.000138926382638217,0.0111118301179928
"ENSPFOG00000015430",3119.67041619571,0.395106421206589,0.098521646915187,4.01035136518494,6.06284570510487e-05,0.0063744696916056
"ENSPFOG00000023058",926.795439309517,-3.5611471025514,0.832968226602803,-4.27524962995919,1.90923250525543e-05,0.00339189906455494
"ENSPFOG00000000276",1571.64483608242,0.441248444627349,0.114358507766552,3.85846626757409,0.000114100812094821,0.00977655494647749
"ENSPFOG00000000846",410.819793002477,-4.21339531916575,1.20341437764381,-3.50120074800439,0.00046316681220706,0.0221664645125133
"ENSPFOG00000001438",191.636252325467,-1.71753889676028,0.551178156747398,-3.11612293726549,0.00183245860930718,0.0496451937250485
"ENSPFOG00000001586",21.3256926816579,3.91593413123523,1.097255782578,3.56884346695787,0.000358560565535111,0.0196116199348746
"ENSPFOG00000000068",1084.33406962392,-1.79308145273585,0.573854016808189,-3.12462995851991,0.00178028861358724,0.0487403866534682
"ENSPFOG00000000253",2762.09137864639,-3.14092578329195,0.823581735210607,-3.81373900003835,0.000136880025817463,0.0110221011265395
"ENSPFOG00000016706",6065.44614104042,0.510146481835836,0.117111436653184,4.35607739444434,1.32413973659603e-05,0.00266034094406007
"ENSPFOG00000017322",985.979800078758,0.291017623563624,0.0918532616184705,3.16828840300108,0.00153339324534705,0.0443874689509021
"ENSPFOG00000017642",1449.09025683457,-1.35731431680488,0.312468528711272,-4.3438432740824,1.40011419597661e-05,0.00275836089949101
"ENSPFOG00000009902",109.209842196637,-1.78790181978098,0.493006126415614,-3.62653063315838,0.000287254755442219,0.0172966572624139
"ENSPFOG00000010003",525.777644068011,-1.23478048468839,0.376397029509329,-3.28052664575502,0.00103613477122139,0.0357290503120496
"ENSPFOG00000020975",131.325604558766,-0.697753997625174,0.221920355101834,-3.14416402814871,0.00166562049090428,0.0469427375019856
"ENSPFOG00000003876",1626.96486509302,0.37465230125514,0.0984662740030742,3.80487943763814,0.000141873276431868,0.0111584981602925
"ENSPFOG00000004444",6269.53464073991,0.251724113360286,0.0771342046360939,3.26345639457719,0.00110062119789713,0.0371325478153609
"ENSPFOG00000000786",208.985366905197,-2.21307854203295,0.619805321164553,-3.57060268194341,0.000356160798401282,0.0195330133004293
"ENSPFOG00000000997",599.966740539788,-0.332983256050845,0.10492912698453,-3.17341109775875,0.0015065903376679,0.0436739016170814
"ENSPFOG00000003044",2218.89348257935,0.456970874382508,0.138393420039363,3.30196966194299,0.000960084537781162,0.0342390781030849
"ENSPFOG00000009921",3672.67268342826,0.257065254869158,0.0824401338815012,3.11820520862644,0.00181956065303063,0.0495520000777812
"ENSPFOG00000011058",2011.70620253462,0.732387149038393,0.165916204468221,4.41419903128674,1.01384653293323e-05,0.00221214772540657
"ENSPFOG00000009184",910.723951448696,-0.368887321156008,0.103880814543825,-3.55106304061934,0.000383678505002947,0.0201178403708522
"ENSPFOG00000024435",111.707537078044,-1.05784891202179,0.313744667835884,-3.37168730011736,0.000747092197731056,0.0294474673614094
"ENSPFOG00000012498",253.621671506686,-1.12409192236626,0.332256602644544,-3.38320416635586,0.000716453489293435,0.0288940636485842
"ENSPFOG00000010264",1413.23403078652,0.298534172275919,0.0746384129534141,3.99973901457753,6.341237561668e-05,0.00653179657874959
"ENSPFOG00000019568",415.40397637128,-0.476836258755456,0.141367643457541,-3.37302261743276,0.000743478452603529,0.0294474673614094
"ENSPFOG00000003365",14703.8856668278,0.211810783559584,0.0514806995281382,4.1143726775471,3.88233773579647e-05,0.00478072892092994
"ENSPFOG00000003590",3670.72461028804,0.238303423808976,0.0741510988322693,3.21375444951964,0.00131011659760622,0.0408848905749325
"ENSPFOG00000005683",256.21539585047,-2.47987226360287,0.528480997312491,-4.69245304223591,2.69948509102352e-06,0.000995962753946352
"ENSPFOG00000023469",3226.83153560868,0.282786647700482,0.0804770850210031,3.51387786506779,0.000441615813060279,0.0215934170569137
"ENSPFOG00000002872",6189.32472758828,0.29660014384364,0.0784898888148629,3.77883251361513,0.000157565352499134,0.0120653438977828
"ENSPFOG00000001878",1345.40527498451,0.376443748893523,0.109161514860908,3.44850242663985,0.00056370440473879,0.0254193106243545
"ENSPFOG00000003271",610.374185692408,-0.365733983310698,0.108038498263804,-3.38521905791087,0.000711214718173297,0.0288063254714023
"ENSPFOG00000007061",3242.78231175834,0.177913022593144,0.0563844248436328,3.15535758476811,0.00160301504679162,0.0456859288335611
"ENSPFOG00000003594",19655.884365584,0.202422402187264,0.0644376069011385,3.14137057414041,0.00168159113804992,0.0471014855301507
"ENSPFOG00000002014",1184.36999393285,-0.533718113014499,0.166090478983408,-3.21341786887023,0.00131165305363104,0.0408848905749325
"ENSPFOG00000006381",39.7593270734778,-2.98345558880947,0.709588637301515,-4.20448613742635,2.61675975005059e-05,0.00384777455420483
"ENSPFOG00000006473",186.40122443344,-1.10263354559624,0.34566047280049,-3.18993241160283,0.00142306070945344,0.0426106167444819
"ENSPFOG00000013233",3028.00786374056,-0.315919982106131,0.0878926747025141,-3.59438352713021,0.000325160563811461,0.0186916661780798
"ENSPFOG00000016498",8405.69920163194,0.193592705197355,0.0584612237663069,3.31147199332027,0.000928065291688606,0.0334499127867588
"ENSPFOG00000000937",310.88467995786,-0.644665143603761,0.171525270745366,-3.75842662018465,0.000170985167179765,0.0125819554652564
"ENSPFOG00000002472",595.698503261589,0.702631497437068,0.177594621700872,3.9563782433712,7.60946442039891e-05,0.00738809818271458
"ENSPFOG00000002478",5220.08238621243,0.125328273636061,0.0380530500434518,3.29351454069915,0.000989432237817316,0.0349783257313397
"ENSPFOG00000003145",12575.2074604451,0.505282760289302,0.119951082355342,4.21240684425386,2.52663928191455e-05,0.00379781957841556
"ENSPFOG00000001495",1965.0182649439,0.480846412068433,0.113092679493955,4.25179078097742,2.12067931128012e-05,0.00352728070364722
"ENSPFOG00000002916",21202.9071836318,-0.571646362732557,0.17802490531382,-3.21104713817916,0.00132252238835481,0.0411604667246868
"ENSPFOG00000015638",104.704594885085,-0.721923104084965,0.197714655838475,-3.65133834425885,0.000260877285378506,0.0162384106592044
"ENSPFOG00000015779",5690.04102411348,-0.708799047783903,0.216142527094035,-3.27931322592307,0.00104060066698311,0.0357290503120496
"ENSPFOG00000006509",301.346935043256,-0.655914875013311,0.144010069800748,-4.55464590719825,5.24738926339335e-06,0.00149971863285603
"ENSPFOG00000012803",1419.40169272194,-1.45687270466381,0.34637776751293,-4.2060225606409,2.59904299490174e-05,0.00384777455420483
"ENSPFOG00000005132",963.004972237047,-0.952188267290575,0.286238038587935,-3.3265609001092,0.000879248044525671,0.0324394569445726
"ENSPFOG00000005660",412.927717583345,0.612644171472851,0.137025022616567,4.47103864516189,7.78406295804031e-06,0.0018623596689388
"ENSPFOG00000006045",420.966962187077,0.396696209675875,0.110470967648668,3.59095442105199,0.000329469255003234,0.0187683858032828
"ENSPFOG00000024319",159.183808584557,0.777393305505781,0.22896408064596,3.39526314919169,0.000685626674579373,0.0283240199146646
"ENSPFOG00000001304",712.555016170083,0.632642868241011,0.169201675413464,3.7389870206372,0.000184763265135979,0.0129689340785897
"ENSPFOG00000004106",780.411498454334,-0.912503086992334,0.208445776648206,-4.37765207655113,1.19964652101538e-05,0.00250961105200455
"ENSPFOG00000000130",4357.90965137787,0.343423378287037,0.0960318314437546,3.5761410890948,0.000348703504552857,0.0192803583498272
"ENSPFOG00000000166",1723.37313830223,-0.591647601669669,0.138354913956413,-4.27630349187353,1.90022134585075e-05,0.00339189906455494
"ENSPFOG00000000507",3580.2924366294,0.374480027827531,0.0819941154537024,4.56715735946904,4.94382877073675e-06,0.00145391555675058
"ENSPFOG00000007053",163.771751089273,-0.598670380554939,0.171405914652922,-3.49270549833232,0.000478153529028919,0.0226698397454552
"ENSPFOG00000003309",1023.17611933509,-1.34276338054358,0.311172935432065,-4.31516763718267,1.59481832328475e-05,0.00299648642741613
"ENSPFOG00000013875",2258.99903212435,0.27248989397653,0.0835840004914319,3.26007241068178,0.00111383773292221,0.037245898364476
"ENSPFOG00000021701",49.6804468714409,-3.91381542579456,0.915783910515176,-4.27373246117944,1.92227672197821e-05,0.00339189906455494
"ENSPFOG00000002860",1155.60520978968,-0.658193556730544,0.163652120836451,-4.02190667231451,5.77289325093446e-05,0.00626436095443648
"ENSPFOG00000005729",689.011880863491,-3.04045311393844,0.884027683772795,-3.43931889209916,0.000583179839824289,0.0259078741922885
"ENSPFOG00000002955",575.400717731023,-0.984118866875004,0.242160759897544,-4.06390724612598,4.82580091629727e-05,0.00558305390081902
"ENSPFOG00000001179",271.41919747364,-0.883381344884269,0.207644395445611,-4.2542990047408,2.09704928980398e-05,0.00351680365195888
"ENSPFOG00000002098",125.272633492386,0.658933549041129,0.19408194158634,3.39513065283301,0.000685958576033223,0.0283240199146646
"ENSPFOG00000003218",3863.19721198605,0.197926212644291,0.0469157287880516,4.21876026989691,2.45649290936951e-05,0.00377629955431259
"ENSPFOG00000004340",1761.41673541147,-0.484188214413507,0.146663290949071,-3.30135926502319,0.000962175917749657,0.0342534626718878
"ENSPFOG00000001348",402.234901040373,-2.35263139331556,0.716907931064404,-3.28163672261593,0.00103206476236455,0.0357290503120496
"ENSPFOG00000017169",631.310766946298,0.297829081189079,0.0905666313902617,3.28850788217684,0.00100719964155869,0.035322559167234
"ENSPFOG00000003845",13248.7661112852,0.278248985092996,0.0618583773457495,4.49816172088963,6.85435510273084e-06,0.00171714288573598
"ENSPFOG00000018623",21.0329836702951,-2.08926583544989,0.653862423718537,-3.19526823940756,0.00139700933705782,0.0421846926600853
"ENSPFOG00000015029",6006.23683584724,0.407167173743629,0.0967521913733929,4.20835092170947,2.57241155781888e-05,0.0038381893625927
"ENSPFOG00000015096",8819.68576938088,0.548459019643942,0.11978230771781,4.57879823901903,4.67655014486249e-06,0.00141636650059029
"ENSPFOG00000004518",291.51206152777,-1.07126505329566,0.328794702667614,-3.25815788576929,0.00112137997220864,0.0373646016355628
"ENSPFOG00000017065",3101.04126584139,0.207644116143885,0.0622996806364547,3.33298845230969,0.000859185083602151,0.0319900618650548
"ENSPFOG00000000637",2038.25432428337,-0.680267211182039,0.172215883856243,-3.95008402215612,7.81237634367269e-05,0.00751321046283442
"ENSPFOG00000004454",1301.99248319775,-2.13585192039626,0.6285643799704,-3.39798434091482,0.000678843056073364,0.0282276297004932
"ENSPFOG00000008170",2450.04652757369,0.4421253411523,0.1374102796094,3.21755652058258,0.00129287550933811,0.0405742908999439
"ENSPFOG00000008987",54.3320292623896,-2.227726976839,0.605136824134524,-3.68136078981003,0.00023199244648264,0.0148446343249002
"ENSPFOG00000008994",85.6801974114464,-2.56069123779282,0.745052652449387,-3.43692654388177,0.000588355143382959,0.0259541360207109
"ENSPFOG00000002742",1157.77964834084,-0.891654590485132,0.280244105429228,-3.18170685202978,0.00146409929291261,0.0431197428908312
"ENSPFOG00000018736",3962.51788869303,0.265522509038357,0.0816671944237808,3.25127501822248,0.00114888664523005,0.0378948663690933
"ENSPFOG00000019165",1749.91062075079,0.213381495185497,0.0627832828845233,3.39869922982472,0.000677071297519291,0.02821176749335
"ENSPFOG00000000374",80.5822707241823,-2.30582033941485,0.720124433336619,-3.20197487083041,0.00136488904114844,0.041774251015059
"ENSPFOG00000023347",381.469642988967,-2.4998674132396,0.743700815315222,-3.36138856077496,0.000775516436770026,0.0303798832720799
"ENSPFOG00000000379",53.0785828746515,-3.05156215988321,0.883713302727627,-3.45311330095904,0.000554156195441203,0.0251003069595823
"ENSPFOG00000003470",268.766285716374,-2.3795531723666,0.504352407266392,-4.71803671021193,2.38131531299698e-06,0.000894845376506199
"ENSPFOG00000004819",999.150847008075,-0.61560844380005,0.175826824281047,-3.50122028488692,0.000463132857398612,0.0221664645125133
"ENSPFOG00000019633",861.760316519797,-0.993360106702286,0.264308080621334,-3.75834179706916,0.000171043130250389,0.0125819554652564
"ENSPFOG00000008340",2019.98535809232,-0.811936367064131,0.176182543102653,-4.60849498914915,4.05594147687658e-06,0.00128945931615809
"ENSPFOG00000002510",8446.24372891148,0.189826368997886,0.0478879146547575,3.96397233762251,7.3712797970228e-05,0.00726106842918382
"ENSPFOG00000008100",2776.10152751125,0.198977390550798,0.0519021892421838,3.83369937677077,0.000126230397882858,0.0103955603418081
"ENSPFOG00000008694",250.879768289708,-1.2562693740354,0.297521532766096,-4.22244858163945,2.41662540305176e-05,0.00374337119684933
"ENSPFOG00000009753",194.043773662513,-2.23841104424981,0.697966012876296,-3.20704877165206,0.00134104258118084,0.0415353903559156
"ENSPFOG00000017278",12528.3377386531,0.313791052471929,0.0887580062643951,3.53535490124912,0.000407227821963111,0.0209732664042524
"ENSPFOG00000007356",471.136661893125,-1.49043970985877,0.466929691784174,-3.19200028630367,0.00141291192634459,0.042538292002054
"ENSPFOG00000008140",2484.69497957108,-0.815593713973293,0.192367675233312,-4.23976488245285,2.23754023564437e-05,0.00353563045756279
"ENSPFOG00000010320",11640.4099616124,0.129572898175783,0.0377206116658901,3.43506885104288,0.000592403296271884,0.0260760253534687
"ENSPFOG00000011679",2449.58979752009,-0.241570636229982,0.0644381639079568,-3.74887522517,0.000177629426867929,0.0127191041375282
"ENSPFOG00000000282",9406.93320598602,0.231021650086344,0.0724251245981376,3.18979982938524,0.00142371368779611,0.0426106167444819
"ENSPFOG00000001955",995.867396681688,-1.64850072411948,0.345393690531341,-4.77281655488115,1.81667249989584e-06,0.000727259242544169
"ENSPFOG00000019505",1187.68656952027,-1.1064515043192,0.296495330095575,-3.73176705333784,0.000190141292680639,0.0131678228660178
"ENSPFOG00000013879",1764.03230657291,-0.365979407203121,0.11636331056957,-3.14514433640415,0.0016600490644961,0.0468507866714253
"ENSPFOG00000014699",650.563915446226,-0.474389015999549,0.106091627391914,-4.47150286654669,7.76718185941206e-06,0.0018623596689388
"ENSPFOG00000020730",194.236527038207,-2.35104996748311,0.537450866811623,-4.37444632182006,1.21741073770186e-05,0.00252078558055574
"ENSPFOG00000007549",42.7890817471578,-4.42170362283253,1.34826597507033,-3.27954847529388,0.00103973346085189,0.0357290503120496
"ENSPFOG00000006094",16746.5397321074,0.529373993568689,0.157862728784207,3.35338174910385,0.000798305174707901,0.0306829396608959
"ENSPFOG00000000230",1301.67228173104,-0.743601119170041,0.110851006311146,-6.70811338494154,1.97156717948995e-11,1.00017603015525e-07
"ENSPFOG00000003231",1580.32685770465,-1.00386968103816,0.274068975662425,-3.66283589235814,0.00024943835147027,0.0156705976100146
"ENSPFOG00000008705",1672.68028208825,0.404429929398073,0.106222314281736,3.80739143307867,0.000140440360573998,0.0111234025427797
"ENSPFOG00000009671",1686.80139418964,-0.448335643235385,0.143283434634054,-3.12901239686524,0.00175394908284531,0.0483742874695015
"ENSPFOG00000007387",2485.17150847044,-0.905033333752612,0.289309984901065,-3.12824783445378,0.00175851833395313,0.0483879521603003
"ENSPFOG00000001565",11925.161190162,-1.09081784135256,0.319045969253745,-3.41899897342067,0.000628519635771203,0.0268911000469356
"ENSPFOG00000022380",3910.49999791151,-0.522542284780657,0.150265762177683,-3.47745406011233,0.000506199787106042,0.0234516120546936
"ENSPFOG00000024090",1708.28877391274,-0.7181241706021,0.204207569578103,-3.51663835031072,0.000437048823595344,0.0214217263970935
"ENSPFOG00000000136",2146.04126755525,-0.641254645266773,0.189627776063845,-3.38164934788283,0.000720520541223933,0.0289334758880884
"ENSPFOG00000024821",10828.3946157555,0.227540366740017,0.0557184433395116,4.08375311839807,4.43141106098164e-05,0.00522660027829869
"ENSPFOG00000022647",669.1618211135,-1.4367029549417,0.398767049756095,-3.60286276366228,0.000314731715230292,0.018195259160835
"ENSPFOG00000004571",1264.47762106398,-0.433516202129288,0.0908537245178085,-4.77158426283684,1.82782482602763e-06,0.000727259242544169
"ENSPFOG00000004955",1063.98829535825,-0.586636956455141,0.179030349150944,-3.27674586592319,0.00105010840394687,0.035994594143395
"ENSPFOG00000003492",1090.51683281465,-0.754484374376322,0.18632797550198,-4.04922756415773,5.13869592053798e-05,0.00577952891076431
"ENSPFOG00000000486",7817.28886146052,0.298469508218528,0.0938359947283054,3.18075711865924,0.00146890724773309,0.0431986461898548
"ENSPFOG00000000969",1648.74496665047,0.916256211031745,0.257389718302668,3.55980113375899,0.000371135736463047,0.0198674565791218
"ENSPFOG00000000780",625.612750804033,-0.36472526186962,0.109398110549591,-3.33392651881574,0.000856292759222271,0.0319900618650548
"ENSPFOG00000005247",27.2438171575048,4.74712573314053,1.3513149007241,3.51296779943506,0.000443131177191205,0.0216154275181825
"ENSPFOG00000012634",107.168481798876,-3.53628952955554,1.13355225556948,-3.11965285427353,0.00181064289937998,0.0493838248847025
"ENSPFOG00000001314",925.135644114337,-0.730681230158277,0.212374115688377,-3.44053807023465,0.0005805587568226,0.0259078741922885
"ENSPFOG00000000946",650.033875023389,-0.968213416014242,0.305937481339776,-3.16474271728393,0.00155220138679817,0.0446769794906504
"ENSPFOG00000013292",525.007093295247,-0.636084767862338,0.151474115779233,-4.19929678803609,2.67745195070561e-05,0.00388077535597987
"ENSPFOG00000013563",10973.403167909,-0.820817080002987,0.203524426904806,-4.03301506598471,5.50657478059608e-05,0.00610597898622162
"ENSPFOG00000016115",270.910827186756,0.522247115181163,0.151809041291434,3.44015817989776,0.000581374295627083,0.0259078741922885
"ENSPFOG00000019531",515.442755845666,-1.3407372558629,0.412504014486719,-3.25024050379532,0.0011530744786084,0.0378981097842684
"ENSPFOG00000001112",1329.62574299531,-1.0047264308481,0.27987686557097,-3.58988739136541,0.000330820845632801,0.0187683858032828
"ENSPFOG00000003252",257.192978218834,-0.437725795579526,0.136050566729701,-3.21737576036107,0.00129369043033036,0.0405742908999439
"ENSPFOG00000002213",3892.54395749893,0.328363034880911,0.0977285914026329,3.35994850808895,0.000779570006943322,0.0304212203478729
"ENSPFOG00000009190",93.8559565933272,1.5964829745173,0.51244101778035,3.1154472790498,0.00183666177401317,0.0496927209577003
"ENSPFOG00000009225",2344.85263568756,0.641563985969361,0.0927385376443451,6.91798687218659,4.58106732948338e-12,3.09863394166256e-08
"ENSPFOG00000021696",197.688987405707,-1.25616209728694,0.305539294587428,-4.11129474846482,3.93446545335748e-05,0.00478072892092994
"ENSPFOG00000003279",38.6223132133267,-2.6958393263473,0.788583062691327,-3.41858639107307,0.000629473315705422,0.0268911000469356
"ENSPFOG00000018659",11903.7980457862,0.271337852692498,0.0814083566855282,3.33304667653037,0.000859005298489985,0.0319900618650548
"ENSPFOG00000000605",500.218809389292,-0.440420961512319,0.13490760662075,-3.26461177797352,0.00109614202934177,0.0370715234323385
"ENSPFOG00000001924",1186.51776465228,0.506767305764601,0.129505719653808,3.91308821818281,9.11232258973606e-05,0.0082547879460234
"ENSPFOG00000011934",4895.22671899217,0.264705526959266,0.0810637683941283,3.26539873735304,0.00109310081812359,0.0370715234323385
"ENSPFOG00000016732",1548.14136675019,-0.657630828950977,0.163434906019375,-4.02380889718267,5.72643898930243e-05,0.00624736021349058
"ENSPFOG00000017999",170.4327167752,-0.666983736524825,0.180311870884375,-3.6990561589399,0.000216402718703677,0.0142111455272978
"ENSPFOG00000018163",687.811288638153,0.34105790387999,0.105485404309873,3.23322364938852,0.00122401696597087,0.0391145705094187
"ENSPFOG00000004042",7983.23674621189,-0.456018177198858,0.129550231127026,-3.52001052589188,0.00043152967283366,0.0212814607532337
"ENSPFOG00000011803",999.896606300626,0.368741862971556,0.102943321536464,3.58198917101137,0.000340987930561054,0.0189052652648768
"ENSPFOG00000002332",3987.5129801803,0.178147504111347,0.0552794849536726,3.22266939101631,0.0012700204757232,0.0402047667603356
"ENSPFOG00000003661",4705.58632583633,-0.567784467434568,0.102416335919213,-5.54388577113755,2.95831865765499e-08,4.00201348007567e-05
"ENSPFOG00000003951",2623.73330995434,0.319314583827028,0.0996623043706518,3.2039654896948,0.00135548723283298,0.0416120225849422
"ENSPFOG00000018971",7658.32857335718,0.424607951539106,0.126532394927658,3.35572524160209,0.000791571681674826,0.0306218551060015
"ENSPFOG00000008113",1392.71404017184,-1.20374940337798,0.346109214134733,-3.47794671224612,0.000505270360945047,0.0234516120546936
"ENSPFOG00000000016",5378.20268649329,-1.56715106332682,0.482523103279434,-3.24782596455131,0.00116290376413913,0.0380607148095344
"ENSPFOG00000019615",7773.36034109524,0.224936074657808,0.0598950337999796,3.75550459507186,0.000172992586970557,0.0125819554652564
"ENSPFOG00000000297",514.556047441327,-1.6757159953904,0.392695874108267,-4.26721059699343,1.97932291671165e-05,0.00346245005395801
"ENSPFOG00000002828",8765.62066606556,-0.195643453145212,0.0546031976330632,-3.58300359000855,0.000339665937744564,0.0189052652648768
"ENSPFOG00000008046",15571.2733571928,-0.625751895964297,0.118995537478438,-5.25861649288894,1.45143227800973e-07,0.00012564296126954
"ENSPFOG00000022377",7733.03010302493,-0.620826922926548,0.124117830018506,-5.00191570247386,5.67634116496792e-07,0.000335827090633172
"ENSPFOG00000000807",583.200312754425,-0.393581204261888,0.113332273708468,-3.4728078011946,0.000515044047971635,0.0236990336087084
"ENSPFOG00000018427",7665.46423052204,0.156603869805567,0.0480509965504094,3.25911804225073,0.00111759156905327,0.0372996186171529
"ENSPFOG00000020665",15.56075482384,4.50607925754029,1.43805652268153,3.13345072774877,0.00172763921733702,0.0479579411740122
"ENSPFOG00000000994",899.333008618701,-0.624238258973102,0.187969447685844,-3.32095596735699,0.000897096894406589,0.0326820290508052
"ENSPFOG00000005137",723.015987112762,-0.895555042736822,0.237882071927083,-3.76470170905244,0.000166748018062154,0.0124398925827839
"ENSPFOG00000006109",2192.89749369869,-0.29323174114153,0.0930668566666757,-3.15076442510308,0.00162843776275388,0.0461511998349186
"ENSPFOG00000008184",136.43300439533,-1.23346290647751,0.289698310000238,-4.25774974826916,2.06494914375625e-05,0.00351680365195888
"ENSPFOG00000000332",3135.2027712412,0.190341396635192,0.0557228479503841,3.41585908898039,0.000635811386836545,0.0269849660668872
"ENSPFOG00000000340",2083.51180420439,0.356006196160862,0.0786151147236493,4.52847009652416,5.94122871876944e-06,0.00156570666443207
"ENSPFOG00000000888",6734.73204736112,-0.292707743804344,0.0681176635098649,-4.2970901925013,1.73054794911825e-05,0.00316362873725293
"ENSPFOG00000002796",133.077025821237,-2.52079030844798,0.640704604209668,-3.93440329893908,8.34036388231235e-05,0.00784006247139225
"ENSPFOG00000000632",217.579396900846,-1.0286593793954,0.321449494203877,-3.20006532268171,0.00137396443831385,0.0419255434319768
"ENSPFOG00000002942",2891.1850672321,-0.318391461360443,0.0813352583497326,-3.91455646444737,9.05705418457601e-05,0.00824151316203661
"ENSPFOG00000010146",1608.64213496782,-1.86172449443792,0.513870871011905,-3.6229422593498,0.00029127085996373,0.0174350097061475
"ENSPFOG00000024776",808.774030752498,-2.49128141973058,0.7243257565259,-3.43944889062011,0.000582899835168477,0.0259078741922885
"ENSPFOG00000023222",110.194737532677,-0.953952116980726,0.294525994530325,-3.23894031323781,0.00119974677419163,0.0387047083336988
"ENSPFOG00000022375",283.46498646761,0.658264455515856,0.201921995893966,3.25999380405058,0.00111414647680056,0.037245898364476
"ENSPFOG00000024766",546.350040394827,-5.64505228343482,1.35415682393709,-4.16868429390794,3.06362991245852e-05,0.00424141867520131
"ENSPFOG00000012872",18.2838941227628,-4.12480981719319,1.22340258415356,-3.37158828223911,0.000747360816633443,0.0294474673614094
"ENSPFOG00000005457",1776.11858580405,-0.765178963099162,0.188277123796387,-4.06411011423071,4.82160609130387e-05,0.00558305390081902
"ENSPFOG00000015022",192.350459777443,-1.08382491151015,0.327542203091203,-3.30896263529241,0.000936423333441422,0.0335348232508184
"ENSPFOG00000023244",107.783064017995,2.0570090338781,0.565535432393926,3.63727702289268,0.000275535541208782,0.016891743813319
"ENSPFOG00000007426",110.879689287912,-1.39051088495723,0.394214306211466,-3.52729686124411,0.000419825771561725,0.0211445186089498
"ENSPFOG00000020430",23.3786065281171,3.89927093754636,0.98862617505025,3.94413079073915,8.00899407047168e-05,0.00762997688629161
"ENSPFOG00000000718",721.860217050553,0.758180133117565,0.241612799503691,3.13799655761193,0.00170106874732953,0.0474801747191346
"ENSPFOG00000019368",174.615878421885,-4.18324582198564,0.898215428582193,-4.65728564536992,3.20405746858167e-06,0.00113435831113418
"ENSPFOG00000005743",75.6994785850595,-2.8076392776669,0.613879763293158,-4.57359803262664,4.79419204915167e-06,0.00143064330972626
"ENSPFOG00000010283",2730.3337163271,-0.308097768610287,0.0865860525919482,-3.55828403521582,0.000373285531795889,0.0198674565791218
"ENSPFOG00000004155",296.391469865677,-0.803242274580759,0.222649840099878,-3.60764810888898,0.000308985162420895,0.0180681767235237
"ENSPFOG00000013758",171.813937119904,-7.74462604985109,1.47396429815171,-5.25428333614495,1.4860196483683e-07,0.00012564296126954
"ENSPFOG00000024311",27.8290836503839,-2.50795033631649,0.500762587666919,-5.00826219466829,5.49236812596647e-07,0.000335827090633172
"ENSPFOG00000022277",139.035800554083,-0.98798454918436,0.259394539735941,-3.80881012449264,0.000139637131878975,0.0111118301179928
"ENSPFOG00000010080",4037.88109102078,-0.220294223309935,0.0693074485598559,-3.1785071862757,0.00148035548421827,0.0433050760962347
"ENSPFOG00000000565",838.780344996131,-0.359127291068498,0.0869095658187981,-4.13219520411895,3.59315064618888e-05,0.00458122469700859
"ENSPFOG00000004703",178.461590063136,-1.02153217858549,0.259778196284236,-3.93232454916186,8.41283785374941e-05,0.00786697261420659
"ENSPFOG00000022193",19.992017570152,-3.80722242216838,0.785751557081172,-4.84532596576843,1.26403972622234e-06,0.000596509165686134
